-- phpMyAdmin SQL Dump
-- version 5.0.4
-- https://www.phpmyadmin.net/
--
-- Host: 127.0.0.1
-- Generation Time: Jun 15, 2022 at 09:04 PM
-- Server version: 10.4.17-MariaDB
-- PHP Version: 8.0.14

SET SQL_MODE = "NO_AUTO_VALUE_ON_ZERO";
START TRANSACTION;
SET time_zone = "+00:00";


/*!40101 SET @OLD_CHARACTER_SET_CLIENT=@@CHARACTER_SET_CLIENT */;
/*!40101 SET @OLD_CHARACTER_SET_RESULTS=@@CHARACTER_SET_RESULTS */;
/*!40101 SET @OLD_COLLATION_CONNECTION=@@COLLATION_CONNECTION */;
/*!40101 SET NAMES utf8mb4 */;

--
-- Database: `aldar2`
--

-- --------------------------------------------------------

--
-- Table structure for table `advertisments`
--

CREATE TABLE `advertisments` (
  `id` bigint(20) UNSIGNED NOT NULL,
  `title` varchar(255) COLLATE utf8mb4_unicode_ci NOT NULL,
  `description` varchar(255) COLLATE utf8mb4_unicode_ci NOT NULL,
  `image` varchar(255) COLLATE utf8mb4_unicode_ci NOT NULL,
  `lang` varchar(10) COLLATE utf8mb4_unicode_ci NOT NULL,
  `is_active` tinyint(1) NOT NULL DEFAULT 1,
  `created_at` timestamp NULL DEFAULT NULL,
  `updated_at` timestamp NULL DEFAULT NULL
) ENGINE=InnoDB DEFAULT CHARSET=utf8mb4 COLLATE=utf8mb4_unicode_ci;

--
-- Dumping data for table `advertisments`
--

INSERT INTO `advertisments` (`id`, `title`, `description`, `image`, `lang`, `is_active`, `created_at`, `updated_at`) VALUES
(1, 'العنوان', 'system.description', '1652857195001969600.png', 'ar', 1, '2022-05-18 03:59:55', '2022-05-18 03:59:55');

-- --------------------------------------------------------

--
-- Table structure for table `books`
--

CREATE TABLE `books` (
  `id` bigint(20) UNSIGNED NOT NULL,
  `title` varchar(255) COLLATE utf8mb4_unicode_ci NOT NULL,
  `description` text COLLATE utf8mb4_unicode_ci NOT NULL,
  `image` varchar(255) COLLATE utf8mb4_unicode_ci NOT NULL,
  `auther` varchar(255) COLLATE utf8mb4_unicode_ci NOT NULL,
  `publisher` varchar(255) COLLATE utf8mb4_unicode_ci NOT NULL,
  `file` varchar(255) COLLATE utf8mb4_unicode_ci NOT NULL,
  `download_count` int(11) NOT NULL DEFAULT 0,
  `lang` varchar(10) COLLATE utf8mb4_unicode_ci NOT NULL,
  `date` date NOT NULL,
  `is_active` tinyint(1) NOT NULL DEFAULT 1,
  `category_id` bigint(20) UNSIGNED NOT NULL,
  `created_at` timestamp NULL DEFAULT NULL,
  `updated_at` timestamp NULL DEFAULT NULL
) ENGINE=InnoDB DEFAULT CHARSET=utf8mb4 COLLATE=utf8mb4_unicode_ci;

--
-- Dumping data for table `books`
--

INSERT INTO `books` (`id`, `title`, `description`, `image`, `auther`, `publisher`, `file`, `download_count`, `lang`, `date`, `is_active`, `category_id`, `created_at`, `updated_at`) VALUES
(3, 'قانون العمل في مصر ولبنان', '<p class=\"book_desc naskh-r m-b-20\" style=\"text-align: center;\"><span class=\"more\">كتاب - قانون العمل في مصر ولبنان - لي الدكتور محمد حسين منصور .</span></p>\r\n<div class=\"the-box tag_box text-center\">&nbsp;</div>', '1655317230086609100.png', 'د محمد حسين منصور', 'دار النهضة العربية - بيروت _ لبنان', 'قانون العمل في مصر ولبنان.pdf', 0, 'ar', '2022-06-15', 1, 1, '2022-06-15 15:20:30', '2022-06-15 15:20:30'),
(4, 'قوانين الطبيعة البشرية', '<p>مُقدمة ترجمتنا لكتاب قوانين الطبيعة البشرية.<br>يُمكنُ القولُ أنها ترجمة بدافع الإلحاح! أو بدافع الشهرة، أو بدافع رد الجميل.<br><br>لن نطيل هنا أو نكتب مقدمة مُطولة نظهر فيها الرياء الكتابي أو المعرفي بثقافة الإلمام بمواضيع السطوة وما اشتهر روبرت غرين بالكتابة حوله، بل يكفينا أن نخبركَ كقارئ لهذا الكتاب أنك تقرأ ترجمة دقيقة لما كتبه روبرت غرين بنفس أسلوبه وطريقته المتداخلة في الكتابة. مع العلم أن هذا الكتاب مُتعب في أسلوبه وموضوعه لأن روبرت غرين يكتب بطريقة مُتداخلة. وبما أن الترجمة عملية إنتحا<span class=\"morecontent\">رية تنطوي على الخيانة، فقد قررنا أن نخون بادعاءنا تحري الدقة في التعبير عن مراد المؤلف والمحافظة على الصياغة وفق ما يلائم ذائقة القارئ العربي بالعبارات العربية المناسبة.<br><br>لم نستخدم الحدس السليم في الترجمة لمعرفة مقصود المؤلف مُسبقا، لأننا تحرينا العبارات المناسبة وقمنا بتمطيطها. وأحيانا ستلاحظ بعض المحسنات البديعية في الترجمة من حين لآخر لنظهر لك أننا نضيف لمسة إبداعية على الترجمة وأننا نعمل باحترافية والعياذ بالله غيرُ مكترثين لما قاله الجاحظ عن أدب المترجم. شطبنا وسددنا واستبدلنا وقاربنا، غير آمنين من الوقوع في الفخاخ اللغوية.<br><br></span></p>', '1655317924041346900.jpg', 'روبرت غرين', 'دار المالكي للدراسات والاستشارات والترجمة والنش', 'قوانين الطبيعة البشرية.pdf', 0, 'ar', '2022-06-15', 1, 1, '2022-06-15 15:32:04', '2022-06-15 15:32:04'),
(5, 'قانون الكارما', '<p>ما هو رد الفعل الإيجابي أو السلبي لأي فعل؟ ومن المسئول عنه؟ أقوال وأفعال لها تأثير على حياة البشر حتى أنها أحيانًا تغيرها رأسًا على عقب، ومن شدة تأثيرها يؤمن البعض بوجود رد فعل لهذه الأفعال المؤثرة في حياتنا .ما هو رد الفعل الإيجابي أو السلبي لأي فعل؟ ومن المسئول عنه؟ أقوال وأفعال لها تأثير على حياة البشر حتى أنها أحيانًا تغيرها رأسًا على عقب، ومن شدة تأثيرها يؤمن البعض بوجود رد فعل لهذه الأفعال المؤثرة في حياتنا .ما هو رد الفعل الإيجابي أو السلبي لأي فعل؟ ومن المسئول عنه؟</p>\r\n<p>أقوال وأفعال لها تأثير على حياة البشر حتى أنها أحيانًا تغيرها رأسًا على عقب، ومن شدة تأثيرها يؤمن البعض بوجود رد فعل لهذه الأفعال المؤثرة في حياتنا .</p>\r\n<p>ما هو رد الفعل الإيجابي أو السلبي لأي فعل؟ ومن المسئول عنه؟ أقوال وأفعال لها تأثير على حياة البشر حتى أنها أحيانًا تغيرها رأسًا على عقب، ومن شدة تأثيرها يؤمن البعض بوجود رد فعل لهذه الأفعال المؤثرة في حياتنا .</p>', '1655318070000558100.jpg', 'إنجي علاء', 'ليان للنشر والتوزيع', 'قانون الكارما.pdf', 0, 'ar', '2022-06-15', 1, 1, '2022-06-15 15:34:30', '2022-06-15 15:34:30'),
(6, 'قانون الشعوب', '<p>فى هذا الكتاب يعالج المؤلف برهافة تحليلية لافتة للنظر ذلك الفصل الدقيق، أو الشبحى، الذى يجعل لمفهوم \"الشعوب\" سمات \"الدول\"؛ فنراه يتحدث عن مبادئ قانون الشعوب، وعن السلام الديمقراطى، وعن الشعوب الليبرالية وغير الليبرالية، وعن مبادئ الحرب، وغير ذلك من مفاهيم لا تزال تشغل المهتمين بالنظرية السياسية والفلسفة السياسية المعاصرة على السواء.</p>\r\n<p>فى هذا الكتاب يعالج المؤلف برهافة تحليلية لافتة للنظر ذلك الفصل الدقيق، أو الشبحى، الذى يجعل لمفهوم \"الشعوب\" سمات \"الدول\"؛ فنراه يتحدث عن مبادئ قانون الشعوب، وعن السلام الديمقراطى، وعن الشعوب الليبرالية وغير الليبرالية، وعن مبادئ الحرب، وغير ذلك من مفاهيم لا تزال تشغل المهتمين بالنظرية السياسية والفلسفة السياسية المعاصرة على السواء.</p>', '1655318311044147200.png', 'جون رولز', 'العربية', 'قانون الشعوب.pdf', 0, 'ar', '2022-06-15', 1, 1, '2022-06-15 15:38:31', '2022-06-15 15:38:31'),
(7, 'قانون العقوبات', '<p>فى هذا الكتاب يعالج المؤلف برهافة تحليلية لافتة للنظر ذلك الفصل الدقيق، أو الشبحى، الذى يجعل لمفهوم \"الشعوب\" سمات \"الدول\"؛ فنراه يتحدث عن مبادئ قانون الشعوب، وعن السلام الديمقراطى، وعن الشعوب الليبرالية وغير الليبرالية، وعن مبادئ الحرب، وغير ذلك من مفاهيم لا تزال تشغل المهتمين بالنظرية السياسية والفلسفة السياسية المعاصرة على السواء.</p>\r\n<p>فى هذا الكتاب يعالج المؤلف برهافة تحليلية لافتة للنظر ذلك الفصل الدقيق، أو الشبحى، الذى يجعل لمفهوم \"الشعوب\" سمات \"الدول\"؛ فنراه يتحدث عن مبادئ قانون الشعوب، وعن السلام الديمقراطى، وعن الشعوب الليبرالية وغير الليبرالية، وعن مبادئ الحرب، وغير ذلك من مفاهيم لا تزال تشغل المهتمين بالنظرية السياسية والفلسفة السياسية المعاصرة على السواء.</p>', '1655318352051088100.png', 'احمد صلاح الدين', 'العربية', 'قانون العقوبات.pdf', 0, 'ar', '2022-06-15', 1, 1, '2022-06-15 15:39:12', '2022-06-15 15:39:12'),
(8, 'قانون العقوبات (القسم العام)', '<p>موضوع هذا المؤلف هو التعليق على نصوص قانون العقوبات بأحكام القضاء، وهو من الموضوعات الهامة التى تهم كثيرا من الباحثين، وفى تناولى لهذا المؤلف عرضت فيه لنصوص قانون العقوبات حسب آخر التعديلات مادة مادة معلقا عليها بأحكام النقض منذ انشائها وحتى سنة 1996، وكذلك بالتعليمات العامة للنيابات مع بيان أهم القيود والأوصاف الخاصة بكل منها، وعرض للنصوص المقابلة فى التشريعات العربية، وذلك بالنسبة لقسميه العام والخاص.<br>وسنعرض لهذا المؤلف فى جزئين. الجزء الأول منه يشتمل على التعليق على نصوص العقوبات</p>', '1655318544017618200.jpg', 'عوض محمد عوض', 'العربية', 'قانون العقوبات (القسم العام).pdf', 4, 'ar', '2022-06-15', 1, 2, '2022-06-15 15:42:24', '2022-06-15 15:56:49'),
(9, 'قانون العقوبات', '<p>موضوع هذا المؤلف هو التعليق على نصوص قانون العقوبات بأحكام القضاء، وهو من الموضوعات الهامة التى تهم كثيرا من الباحثين، وفى تناولى لهذا المؤلف عرضت فيه لنصوص قانون العقوبات حسب آخر التعديلات مادة مادة معلقا عليها بأحكام النقض منذ انشائها وحتى سنة 1996، وكذلك بالتعليمات العامة للنيابات مع بيان أهم القيود والأوصاف الخاصة بكل منها، وعرض للنصوص المقابلة فى التشريعات العربية، وذلك بالنسبة لقسميه العام والخاص.<br>وسنعرض لهذا المؤلف فى جزئين. الجزء الأول منه يشتمل على التعليق على نصوص العقوبات</p>', '1655318609071304900.gif', 'د محمد حسين منصور', 'دار شعاع', 'قانون العقوبات.pdf', 0, 'ar', '2022-06-15', 1, 2, '2022-06-15 15:43:29', '2022-06-15 15:43:29'),
(10, 'قانون العقوبات', '<p>يتضمن قانون العقوبات القواعد القانونية التي تضع الحدود ما بين المباح والمحظور من المسالك الإنسانية والتي تقرر الآثار الجنائية التي تترتب على مخالفة أحكامها. ويضم هذا القانون مجموعتين من القواعد القانونية: الأولى، وتشمل المبادئ والأحكام العامة التي تسري على كل الجرائم. وتعرف قواعد هذه المجموعة باسم \"قانون العقوبات: القسم العام\" أو \"النظرية العامة لقانون العقوبات\". أما المجموعة فتتولى تحديد مفردات الجرائم المختلفة وذلك ببيان أركانها الخاصة والعقوبات المقدرة لكل منها، ويطلق على قواعد هذه المجموعة</p>', '1655318738022189900.jpg', 'إنجي علاء', 'ليان للنشر والتوزيع', 'قانون العقوبات.pdf', 0, 'ar', '2022-06-15', 1, 1, '2022-06-15 15:45:38', '2022-06-15 15:45:38'),
(11, 'النظرية العامة للجريمة', '<p>يتضمن قانون العقوبات القواعد القانونية التي تضع الحدود ما بين المباح والمحظور من المسالك الإنسانية والتي تقرر الآثار الجنائية التي تترتب على مخالفة أحكامها. ويضم هذا القانون مجموعتين من القواعد القانونية: الأولى، وتشمل المبادئ والأحكام العامة التي تسري على كل الجرائم. وتعرف قواعد هذه المجموعة باسم \"قانون العقوبات: القسم العام\" أو \"النظرية العامة لقانون العقوبات\". أما المجموعة فتتولى تحديد مفردات الجرائم المختلفة وذلك ببيان أركانها الخاصة والعقوبات المقدرة لكل منها، ويطلق على قواعد هذه المجموعة</p>', '1655318773010672400.gif', 'روبرت غرين', 'دار شعاع', 'النظرية العامة للجريمة.pdf', 0, 'ar', '2022-06-15', 1, 2, '2022-06-15 15:46:13', '2022-06-15 15:46:13');

-- --------------------------------------------------------

--
-- Table structure for table `categories`
--

CREATE TABLE `categories` (
  `id` bigint(20) UNSIGNED NOT NULL,
  `name` varchar(255) COLLATE utf8mb4_unicode_ci NOT NULL,
  `lang` varchar(10) COLLATE utf8mb4_unicode_ci NOT NULL,
  `is_parent` int(11) NOT NULL,
  `is_active` tinyint(1) NOT NULL DEFAULT 1,
  `created_at` timestamp NULL DEFAULT NULL,
  `updated_at` timestamp NULL DEFAULT NULL
) ENGINE=InnoDB DEFAULT CHARSET=utf8mb4 COLLATE=utf8mb4_unicode_ci;

--
-- Dumping data for table `categories`
--

INSERT INTO `categories` (`id`, `name`, `lang`, `is_parent`, `is_active`, `created_at`, `updated_at`) VALUES
(1, 'إصدارتنا', 'ar', 1, 1, '2022-05-18 03:54:24', '2022-05-18 03:54:24'),
(2, 'الدين الاسلامي', 'ar', 1, 1, '2022-05-18 03:54:34', '2022-05-18 03:54:34'),
(3, 'إصدارتنا', 'ar', 1, 1, '2022-05-18 08:37:40', '2022-05-18 08:37:40'),
(4, 'القانون المصري', 'ar', 1, 1, '2022-05-18 08:47:54', '2022-05-18 08:47:54');

-- --------------------------------------------------------

--
-- Table structure for table `configure_systems`
--

CREATE TABLE `configure_systems` (
  `id` bigint(20) UNSIGNED NOT NULL,
  `title` varchar(255) COLLATE utf8mb4_unicode_ci NOT NULL,
  `description` text COLLATE utf8mb4_unicode_ci NOT NULL,
  `lang` varchar(10) COLLATE utf8mb4_unicode_ci NOT NULL,
  `is_active` tinyint(1) NOT NULL DEFAULT 1,
  `created_at` timestamp NULL DEFAULT NULL,
  `updated_at` timestamp NULL DEFAULT NULL,
  `deleted_at` timestamp NULL DEFAULT NULL
) ENGINE=InnoDB DEFAULT CHARSET=utf8mb4 COLLATE=utf8mb4_unicode_ci;

--
-- Dumping data for table `configure_systems`
--

INSERT INTO `configure_systems` (`id`, `title`, `description`, `lang`, `is_active`, `created_at`, `updated_at`, `deleted_at`) VALUES
(1, 'AboutUs', '<p style=\"text-align: center;\">مؤسسة الدار العربية للأعمال القانونية والحماية هي مؤسسة خدمية فردية مسجلة رسمياً في صنعاء، تحت رقم 2/37256 بتاريخ 2011\\10\\20 وكمنظمة مجتمع مدني بموجب التصريح رقم (594)، بتاريخ 18/11/2011م، وكمركز تدريبي متخصص بالقانون بموجب التصريح ، وتهدف الدار العربية تقديم خدمات قانونية متميزة ومتكاملة معنية الى نشر الوعي المجتمعي بـ أهمية المعرفة ونشر ثقافة الحقوق بين اوساط المجتمع، كما تهدف الى توفير الحماية القانونية للفئات المستضعفة سواءً كانوا رجالاً، أو نساءً أو أطفالاً، أو لاجئين ،أو مهمشين لا تستثني الدار العربية أحد من أفراد المجتمع فللكل الحق في ان تتوفر لديهم الحماية قانونية و تحرص مؤسسة الدار العربية للتنمية على تغطية كافة أجزاء الجمهورية اليمنية بخدماتها و تهتم بتقديم الحماية و المناصرة لقضايا الاشخاص الذين ينتمون الى الفئات الأكثر ضعفا في المجتمع و تقديم العون القانوني لهم و هي جزء من الدار العربية للمحاماة و الاعمال القانونية التي تحتوي على عدد من المحامين في الجمهورية اليمنية الذين لا يشك احد بمدى تمرسهم و خبرتهم في مجال القانون.</p>\r\n<p style=\"text-align: center;\">تقدم مؤسسة الدار العربية للأعمال القانونية و الحماية العون القانوني لمن لا تتوفر لديهم إمكانية الدفاع عن انفسهم قانونياً .</p>\r\n<p style=\"text-align: center;\">أن الحقوق الأساسية و الحريات الرئيسية للفرد في المجتمع تعد طبيعة راسخة لكل الناس بغض النظر عن انتمائهم فهناك الكثير من المعاهدات و المواثيق الدولية جاءت لحفظ كرامة الانسان و حمايته كما تلتزم الدار العربية للأعمال القانونية والحماية بالمعايير الدولية بناءً على الاعلان العالمي لحقوق الانسان في 10 ديسمبر 1948. ومن اعمال الدار العربية للتنمية و المناصرة المساهمة في التنمية المجتمعية بمختلف مجالاتها الاجتماعية والاقتصادية والحقوقية والثقافية والبيئية و المساهمة برفع الوعي المجتمعي في مختلف المجالات التنموية التي يتطلبها الواقع والجهات المعنية بالتعاون مع الجهات الداعمة المحلية والدولية ، والمساهمة في مناصرة قضايا العمال والحقوق العمالية النقابية، والتأمينات وغيرها و تطوير الضمان الاجتماعي والتأمينات الاجتماعية ،والاهتمام بنشر الثقافة العمالية وخدمة العمال وتحسين ظروف العمل والعمال في مختلف المجالات بما يخدم المصلحة العامةً، والاهتمام برعاية ومناصرة وتنمية الطفولة والشباب المرأة والأشخاص ذوي الإعاقة واللاجئين والسجناء اجتماعيا وثقافياً واقتصاديا وحقوقيا بما يساهم في تنمية المجتمع وتعزيز حقوق الإنسان . تعمل الدار العربية على مساعدة المرأة وتمكينها من خلال تثقيفها بحقوقها القانونية التي تساعدها على معرفة مسؤوليتها وحقوقها التي تجعلها فرد فعال في المجتمع.</p>', 'en', 1, '2022-06-05 12:19:45', '2022-06-05 12:19:45', NULL),
(2, 'AboutUs', '<p style=\"text-align: center;\">مؤسسة الدار العربية للأعمال القانونية والحماية هي مؤسسة خدمية فردية مسجلة رسمياً في صنعاء، تحت رقم 2/37256 بتاريخ 2011\\10\\20 وكمنظمة مجتمع مدني بموجب التصريح رقم (594)، بتاريخ 18/11/2011م، وكمركز تدريبي متخصص بالقانون بموجب التصريح ، وتهدف الدار العربية تقديم خدمات قانونية متميزة ومتكاملة معنية الى نشر الوعي المجتمعي بـ أهمية المعرفة ونشر ثقافة الحقوق بين اوساط المجتمع، كما تهدف الى توفير الحماية القانونية للفئات المستضعفة سواءً كانوا رجالاً، أو نساءً أو أطفالاً، أو لاجئين ،أو مهمشين لا تستثني الدار العربية أحد من أفراد المجتمع فللكل الحق في ان تتوفر لديهم الحماية قانونية و تحرص مؤسسة الدار العربية للتنمية على تغطية كافة أجزاء الجمهورية اليمنية بخدماتها و تهتم بتقديم الحماية و المناصرة لقضايا الاشخاص الذين ينتمون الى الفئات الأكثر ضعفا في المجتمع و تقديم العون القانوني لهم و هي جزء من الدار العربية للمحاماة و الاعمال القانونية التي تحتوي على عدد من المحامين في الجمهورية اليمنية الذين لا يشك احد بمدى تمرسهم و خبرتهم في مجال القانون.</p>\r\n<p style=\"text-align: center;\">تقدم مؤسسة الدار العربية للأعمال القانونية و الحماية العون القانوني لمن لا تتوفر لديهم إمكانية الدفاع عن انفسهم قانونياً .</p>\r\n<p style=\"text-align: center;\">أن الحقوق الأساسية و الحريات الرئيسية للفرد في المجتمع تعد طبيعة راسخة لكل الناس بغض النظر عن انتمائهم فهناك الكثير من المعاهدات و المواثيق الدولية جاءت لحفظ كرامة الانسان و حمايته كما تلتزم الدار العربية للأعمال القانونية والحماية بالمعايير الدولية بناءً على الاعلان العالمي لحقوق الانسان في 10 ديسمبر 1948. ومن اعمال الدار العربية للتنمية و المناصرة المساهمة في التنمية المجتمعية بمختلف مجالاتها الاجتماعية والاقتصادية والحقوقية والثقافية والبيئية و المساهمة برفع الوعي المجتمعي في مختلف المجالات التنموية التي يتطلبها الواقع والجهات المعنية بالتعاون مع الجهات الداعمة المحلية والدولية ، والمساهمة في مناصرة قضايا العمال والحقوق العمالية النقابية، والتأمينات وغيرها و تطوير الضمان الاجتماعي والتأمينات الاجتماعية ،والاهتمام بنشر الثقافة العمالية وخدمة العمال وتحسين ظروف العمل والعمال في مختلف المجالات بما يخدم المصلحة العامةً، والاهتمام برعاية ومناصرة وتنمية الطفولة والشباب المرأة والأشخاص ذوي الإعاقة واللاجئين والسجناء اجتماعيا وثقافياً واقتصاديا وحقوقيا بما يساهم في تنمية المجتمع وتعزيز حقوق الإنسان . تعمل الدار العربية على مساعدة المرأة وتمكينها من خلال تثقيفها بحقوقها القانونية التي تساعدها على معرفة مسؤوليتها وحقوقها التي تجعلها فرد فعال في المجتمع.</p>', 'ar', 1, '2022-06-05 12:20:03', '2022-06-05 12:20:03', NULL),
(3, 'Vision', '<p style=\"text-align: center;\">الدار مؤسسة قانونية دولية رائدة تعمل في مجالات الأعمال القانونية والحماية، كما تساهم في التنمية والمناصرة ليسود القانون.</p>', 'ar', 1, '2022-06-05 12:20:42', '2022-06-05 12:20:42', NULL),
(4, 'Mission', '<p style=\"text-align: center;\">العمل على تلبية احتياجات المؤسسات والأفراد في مختلف المجالات القانونية وادارة منازعاتهم وحماية مصالحهم المشروعة من خلال شبكة محامين متواجدين في نطاق الجمهورية اليمنية ومستشارين عرب يعملون على تسهيل العقبات وتقديم العون القانوني ومناصرة قضايا حقوق الانسان، والمساهمة في التنمية.</p>', 'ar', 1, '2022-06-05 12:21:02', '2022-06-05 12:21:02', NULL),
(5, 'Brife', '<p style=\"text-align: center;\">بكل فخر يطيب لنا أن نقدم لكم نبذة عن&nbsp;<strong>الدار العربية للأعمال القانونية والحماية</strong>&nbsp;، تتعرفون من خلالها على عمل و مشاريع الدار خلال السنوات السابقة ، حيث اننا نهدف عبر القيام بمشاريعنا الى تقديم العون القانوني و الحماية لفئات المجتمع الأكثر ضعفاً و المساهمة في رفع الوعي القانوني لكل أفراد المجتمع.</p>', 'ar', 1, '2022-06-05 12:21:25', '2022-06-05 12:21:25', NULL),
(6, 'Scope', '<div class=\"col-md-12 text-center\">\r\n<p style=\"text-align: center;\">تعمل الدار العربية في مختلف محافظات الجمهورية اليمنية الشمالية والجنوبية عبر مجموعة من المحامين المتواجدين في جميع أجزاء اليمن ومن اصحاب الخبرات والكفاءات المستعدين لتقديم خدماتهم القانونية للمحتاجين بسرعة وكل مهنية. للدار العربية مقر رئيسي في محافظة صنعاء يتم من خلاله العمل على إدارة و تقديم الخدمات القانونية، كذلك خارج اليمن من خلال شبكة من المحاميين الموقعين مع الدار مذكرة تعاون في هذا المجال.</p>\r\n</div>\r\n<div class=\"col-md-12 text-center\" style=\"text-align: center;\">&nbsp;</div>', 'ar', 1, '2022-06-05 12:21:53', '2022-06-05 12:21:53', NULL),
(7, 'Strategy', '<p style=\"text-align: right;\">كانت استراتيجية الدار للفترة من 2011 الى 2015 العمل على تعزيز حقوق العمال و مناصرة القضايا العمالية، و هذا الهدف العام للاستراتيجية من خلال القيام بالأنشطة التالية:</p>\r\n<p style=\"text-align: right;\">إعداد المشاريع التي تخدم الاستراتيجية .</p>\r\n<p style=\"text-align: right;\">اعداد البرامج التثقيفية و الأنشطة التي تخدم الاستراتيجية</p>\r\n<p style=\"text-align: right;\">تقديم الخدمات الاستشارية و العون القانوني في مجال العمل و العمال</p>\r\n<p style=\"text-align: right;\">توجيه كل المتدربين و المتطوعين في الدار نحو خدمة هذه الاستراتيجية</p>\r\n<p style=\"text-align: right;\">و بالإضافة الى هذا تتمثل استراتيجية الدار العربية للأعمال القانونية و الحماية في الوقت الراهن على تقديم العون القانوني للأشخاص الأكثر ضعفاً المتضررين من الحرب، حيث اتجهت الدار العربية يبدا بيد مع المنظمات الدولية و المحلية لتقديم المساعدات القانونية لكل الأشخاص المحتاجين و التوعية المجتمعية بأهمية الثقافة القانونية في المجتمع.</p>\r\n<p style=\"text-align: center;\">&nbsp;</p>', 'ar', 1, '2022-06-05 12:24:34', '2022-06-05 12:24:34', NULL);

-- --------------------------------------------------------

--
-- Table structure for table `donors`
--

CREATE TABLE `donors` (
  `id` bigint(20) UNSIGNED NOT NULL,
  `name` varchar(255) COLLATE utf8mb4_unicode_ci NOT NULL,
  `image` varchar(255) COLLATE utf8mb4_unicode_ci NOT NULL,
  `lang` varchar(10) COLLATE utf8mb4_unicode_ci NOT NULL,
  `is_active` tinyint(1) NOT NULL DEFAULT 1,
  `created_at` timestamp NULL DEFAULT NULL,
  `updated_at` timestamp NULL DEFAULT NULL
) ENGINE=InnoDB DEFAULT CHARSET=utf8mb4 COLLATE=utf8mb4_unicode_ci;

--
-- Dumping data for table `donors`
--

INSERT INTO `donors` (`id`, `name`, `image`, `lang`, `is_active`, `created_at`, `updated_at`) VALUES
(2, 'brand1', '1654361511057610100.png', 'ar', 1, '2022-06-04 13:51:51', '2022-06-04 13:51:51'),
(3, 'brand2', '1654361511057610100.png', 'ar', 1, '2022-06-04 13:52:06', '2022-06-05 12:38:16'),
(4, 'brand3', '1654361541023784800.png', 'ar', 1, '2022-06-04 13:52:21', '2022-06-04 13:52:21'),
(5, 'brand3', '1654361552035918200.png', 'ar', 1, '2022-06-04 13:52:32', '2022-06-04 13:52:32'),
(6, 'brand1', '1654361511057610100.png', 'ar', 1, '2022-06-04 13:51:51', '2022-06-04 13:51:51'),
(7, 'brand2', '1654361511057610100.png', 'ar', 1, '2022-06-04 13:52:06', '2022-06-05 12:38:16'),
(8, 'brand3', '1654361541023784800.png', 'ar', 1, '2022-06-04 13:52:21', '2022-06-04 13:52:21'),
(9, 'brand3', '1654361552035918200.png', 'ar', 1, '2022-06-04 13:52:32', '2022-06-04 13:52:32');

-- --------------------------------------------------------

--
-- Table structure for table `events`
--

CREATE TABLE `events` (
  `id` bigint(20) UNSIGNED NOT NULL,
  `title` varchar(255) COLLATE utf8mb4_unicode_ci NOT NULL,
  `description` text COLLATE utf8mb4_unicode_ci NOT NULL,
  `image` varchar(255) COLLATE utf8mb4_unicode_ci NOT NULL,
  `lang` varchar(10) COLLATE utf8mb4_unicode_ci NOT NULL,
  `is_active` tinyint(1) NOT NULL DEFAULT 1,
  `created_at` timestamp NULL DEFAULT NULL,
  `updated_at` timestamp NULL DEFAULT NULL
) ENGINE=InnoDB DEFAULT CHARSET=utf8mb4 COLLATE=utf8mb4_unicode_ci;

--
-- Dumping data for table `events`
--

INSERT INTO `events` (`id`, `title`, `description`, `image`, `lang`, `is_active`, `created_at`, `updated_at`) VALUES
(1, '\"لم أصدّق أن شقيقتي كانت لا تزال على قيد الحياة\"', '<p>&nbsp;</p>\r\n<p><strong>الحُديدة، اليمن</strong>&nbsp;&mdash; تقول &laquo;مارية&raquo; ذات الأعوام الخمسة عشر عن أختها &laquo;دعاء&raquo;: \"لم أصدق أنها كانت لا تزال على قيد الحياة حتى رأيتها بنفسي\".</p>\r\n<p>كانت &laquo;دعاء&raquo; البالغة من العمر عاماً واحداً تعاني من مضاعفات سوء التغذية الحاد الوخيم، بما في ذلك الالتهاب الرئوي، بيد أن المركز الصحي الأقرب كان على مسافة ساعة كاملة بالسيارة. ولم يكن والدها &laquo;حسين&raquo; على يقينٍ من أن صغيرته ستبقى على قيد الحياة الى حين الوصول إلى المستشفى.</p>\r\n<p>يستذكر حسين تلك اللحظات بقوله: \"كنت على يقينٍ تامٍ بأنها لن تنجو، ولكنني لم أستسلم\". ويضيف أنه اضطر إلى اقتراض المال ليوصل طفلته إلى مركز العلاج فحسب.</p>\r\n<blockquote>\r\n<p>&ldquo;<strong>كنت على يقينٍ تامٍ بأنها لن تنجو، ولكنني لم أستسلم</strong>&rdquo;</p>\r\n</blockquote>\r\n<p>كانت دعاء واحدةً من آلاف الأطفال الذين يعانون من أشدّ أنواع نقص التغذية وأكثرها وضوحاً في اليمن، وذلك مع دخول النزاع عامه الرابع واستمراره في التسبّب بخسائر فادحة على الأُسر هناك. يعاني 10 ملايين شخصٍ تقريباً في اليمن من الجوع الشديد، بينما أصاب سوء التغذية الحاد الوخيم 360 ألف طفل دون الخامسة من العمر.</p>', '1655293906071841100.jpg', 'ar', 1, '2022-06-15 08:51:46', '2022-06-15 08:51:46'),
(3, 'الحصبة: من الأبطال الجدد؟', '<p style=\"text-align: center;\"><strong>أسبوع التمنيع العالمي 2019 وقت مهم للاحتفال بالأثر المذهل للقاحات وزيادة الوعي بقدرتها على إنقاذ ملايين الأرواح كل عام. وفي هذا العام، تنضم &lsaquo;الوليد للإنسانية&rsaquo; إلى اليونيسف وشركائها في الاحتفاء&nbsp;<a href=\"https://www.who.int/campaigns/world-immunization-week/world-immunization-week-2019/vaccine-heroes\" target=\"_blank\" rel=\"noopener\">بأبطال اللقاحات</a>: رجال ونساء من جميع أصقاع الأرض يسعون سعياً حثيثاً كي يضمنوا أن تصبح مجتمعاتهم أكثر أماناً وأوفر صحةً بفضل حملاتهم التلقيحية.</strong></p>\r\n<p style=\"text-align: center;\"><strong>ولكن، بينما نحن في غمرة احتفالاتنا، يواجه المجتمع الصحي العالمي أيضاً تحدّياتٍ في مكافحة أمراض يمكن الوقاية منها. وهنا، لنا أن نتساءل عما يمكن للحكومات والمنظمات غير الحكومية والمجتمعات اتخاذه من إجراءات لتعزيز الإفادة من اللقاحات والتمكين من التوسّع في استخدامها.</strong></p>\r\n<h4 style=\"text-align: center;\"><strong>أبطال على الدوام، وتحدّيات مستمرة</strong></h4>\r\n<p style=\"text-align: center;\"><strong>تدعم &lsaquo;الوليد للإنسانية&rsaquo; منذ أمدٍ بعيدٍ جهود مكافحة الأمراض. وفي عام 2017 دخلت في شراكة بقيمة 50 مليون دولار أمريكي مع اليونيسف لمساندتها في عملها الرامي إلى تلقيح ما يربو على 51 مليون طفلٍ في 14 بلداً، جنباً إلى جنبٍ مع شركاء آخرين من مؤسسي&nbsp;<a href=\"https://measlesrubellainitiative.org/\" target=\"_blank\" rel=\"noopener\">مبادرة مكافحة الحصبة والحصبة الألمانية</a>&nbsp;(M&amp;RI). تعتبر &lsaquo;مبادرة مكافحة الحصبة والحصبة الألمانية&rsaquo; شراكة عالمية فريدة من نوعها تجمع بين القطاعين العام والخاص وتُعنى بقيادة الجهود وتنسيقها في سبيل الوصول إلى عالمٍ خالٍ من الحصبة والحصبة الألمانية.</strong></p>', '1655294114021634600.jpg', 'ar', 1, '2022-06-15 08:55:14', '2022-06-15 09:01:25'),
(4, 'يوم لوضع رؤية جديدة لتنشئة الأطفال — مع قليل من المساعدة من «إلمو» وأمه', '<p>مع تواصل جائحة كوفيد-19، تواجه الأسر في جميع أنحاء العالم يومياً تحديات جديدة ودائمة التطور &mdash; حتى أسرة برنامج شارع السمسم (Sesame Street) التلفزيوني للأطفال. وتسعى &laquo;ماي&raquo;، والدة &laquo;إلمو&raquo;، مثل العديد من مقدمي الرعاية، أن توفّق بين وجود &laquo;إلمو&raquo; في البيت في جميع الأوقات، والتكيّف مع الأمور الروتينية الجديدة للأسرة. ويجد &laquo;إلمو&raquo; صعوبة أيضاً في التكيّف مع الواقع الجديد أثناء جائحة كوفيد-19، فهو يشتاق لرؤية أصدقائه في البرنامج وللذهاب إلى المدرسة. إلا أن &laquo;إلمو&raquo; و &laquo;ماي&raquo; يشكلان فريقاً عائلياً رائعاً &mdash; إذ تُخصِّص &laquo;ماي&raquo; وقتاً للعب مع &laquo;إلمو&raquo; يومياً وتساعده في تحديد مواعيد للعب مع أصدقائه على نحو آمن، في حين يعطي &laquo;إلمو&raquo; والدته الحب والعناق الذي تحتاجه للتغلب على التحديات، الكبيرة منها والصغيرة.</p>', '1655294252078104900.jpg', 'ar', 1, '2022-06-15 08:57:32', '2022-06-15 08:57:32'),
(5, 'كيفية تحسين الرعاية الصحية الأولية بغية الاستعداد للجوائح المستقبلية', '<h3>1. توظيف العاملين في مجال الرعاية الصحية وتدريبهم وتحديد أولوياتهم</h3>\r\n<p>غني عن القول إن العاملين في مجال الرعاية الصحية هم في قلب أي نظام رعاية صحية متين. وخلال زمن جائحة كوفيد-19 أصبح العاملون الميدانيون ومن ضمنهم العاملون الصحيون المجتمعيون، يعملون بتفان قل نظيره وعلى قدر كبير من المسؤولية، سواء تمثلت هذه المسؤولية برعاية المرضى، أم ضمان وصول اللقاحات إلى الفئات الأكثر ضعفاً، أم اختبار الحالات المصابة والإبلاغ عنها، أم الحفاظ على استمرار خدمات الرعاية الصحية الروتينية، مما جعل جهودهم لا تقدر بثمن.</p>\r\n<p>تلخص جنيفر، وهي صيدلانية تعمل في مستشفى إقليم آكرا الكبرى في غانا، جهود العديد من العاملين في مجال الرعاية الصحية قائلة: \"أعيش مع زوجي وأطفالي الثلاثة وأمي التي تبلغ من العمر 80 عاماً. كنت لا أزال أرضع طفلي عندما بدأت العمل في وحدة العناية المركزة لكوفيد-19. كنت خائفة بشدة من الإصابة بالفيروس وتعريض عائلتي للخطر. كم شعرت بألم عميق حين مَنعت أطفالي مرغمة عن معانقتي\".</p>', '1655294296085630900.jpg', 'ar', 1, '2022-06-15 08:58:16', '2022-06-15 08:58:16'),
(6, 'مئة يوم من الحرب في أوكرانيا تركت 5.2 ملايين طفل بحاجة إلى مساعدة إنسانية', '<p><strong>نيويورك</strong><strong>&nbsp;/&nbsp;</strong><strong>جنيف</strong><strong>&nbsp;/&nbsp;</strong><strong>كييف،&nbsp;</strong><strong>1&nbsp;</strong><strong>حزيران</strong><strong>&nbsp;/&nbsp;</strong><strong>يونيو&nbsp;</strong><strong>2022</strong><strong>&nbsp;</strong>&mdash; قالت اليونيسف اليوم إن الحرب المستمرة منذ 100 يوم تقريباً في أوكرانيا تسببت بتبعات مدمرة على الأطفال وبنطاق وسرعة لم نشهدهما منذ الحرب العالمية الثانية. وثمة ثلاثة ملايين طفل في أوكرانيا وأكثر من 2.2 مليون طفل في البلدان التي تستضيف اللاجئين الأوكرانيين يحتاجون حالياً إلى مساعدة إنسانية. وقد هُجّر زهاء طفلين من كل ثلاثة أطفال بسبب القتال الدائر.</p>\r\n<p>واستناداً إلى تقارير تحققت منها مفوضية الأمم المتحدة لحقوق الإنسان، يُقتل في المعدّل أكثر من طفلين يومياً ويصاب أكثر من أربعة أطفال بجراح في أوكرانيا &mdash; غالباً من جراء الهجمات باستخدام أسلحة متفجرة في مناطق مأهولة. ويستمر تعرّض الهياكل الأساسية المدنية التي يعتمد عليها الأطفال للضرر أو الدمار؛ وهذا يشمل لغاية الآن ما لا يقل عن 256 مرفقاً صحياً وواحدة من كل ست &rsquo;مدارس آمنة&lsquo; تدعهما اليونسف في شرق البلد، كما تعرضت مئات المدارس الأخرى لأضرار في جميع أنحاء البلد. وتزداد قسوة الأوضاع للأطفال باطراد في شرق أوكرانيا وجنوبها، حيث يشتد القتال.</p>', '1655294329002709000.jpg', 'ar', 1, '2022-06-15 08:58:49', '2022-06-15 08:58:49'),
(7, 'يجب إيلاء الأولوية للمعلمين في تلقّي اللقاح ضد كوفيد-19', '<h3>ما هو سبب اختيار التأديب الإيجابي؟</h3>\r\n<p>تقول الأستاذة &laquo;كلوفر&raquo;: \"لا يحبّذ الوالدان ضرب أطفالهما أو الصّراخ في وجههم، لكننا نفعل ذلك حين نشعر بالإجهاد ولا نرى أمامنا أيّ وسيلة أخرى\". لكنّ البرهان ساطع: الصراخ والضرب بكلّ بساطة غير مجديان وقد يتسبّبان بأذى أكبر على المدى الطويل. وقد يؤثر الصراخ والضرب سلباً في حياة الطفل كلّها حتّى. كما قد يؤدي الجوّ النفسي السّامّ الذي يخلّفه هذا الأسلوب إلى مجموعة من النتائج السلبية كارتفاع خطر ترك المدرسة، والاكتئاب، وتعاطي المخدّرات، والانتحار، وأمراض القلب.</p>\r\n<p>تقول الأستاذة &laquo;كلوفر&raquo;: \"الأمر أشبه بقول أحدهم لك: &lsquo;خذ هذا الدواء، إنه لن ينفعك، بل سيزيد من مرضك&rsquo;. حين نوقن بأن أمراً ما غير نافع، فإن ذلك يعطينا سبباً وجيهاً للبحث عن طرائق أخرى\".</p>\r\n<p>بدلاً من العقاب ومن الأشياء التي لا ينبغي فعلها، يركّز أسلوب التأديب الإيجابي على تنمية علاقة إيجابية مع طفلك وعلى إفهامه ما هو المطلوب منه حيال سلوكه. والبشرى لكلّ أب وأمّ أنّ هذا الأسلوب ناجع وإليكم الطريقة التي بوسعكم استخدامها للبدء بتطبيقه:</p>', '1655294409051559200.jpg', 'ar', 1, '2022-06-15 09:00:09', '2022-06-15 09:00:09'),
(8, 'Which allows you to pay down insurance bills', '<h3>ما هو سبب اختيار التأديب الإيجابي؟</h3>\r\n<p>تقول الأستاذة &laquo;كلوفر&raquo;: \"لا يحبّذ الوالدان ضرب أطفالهما أو الصّراخ في وجههم، لكننا نفعل ذلك حين نشعر بالإجهاد ولا نرى أمامنا أيّ وسيلة أخرى\". لكنّ البرهان ساطع: الصراخ والضرب بكلّ بساطة غير مجديان وقد يتسبّبان بأذى أكبر على المدى الطويل. وقد يؤثر الصراخ والضرب سلباً في حياة الطفل كلّها حتّى. كما قد يؤدي الجوّ النفسي السّامّ الذي يخلّفه هذا الأسلوب إلى مجموعة من النتائج السلبية كارتفاع خطر ترك المدرسة، والاكتئاب، وتعاطي المخدّرات، والانتحار، وأمراض القلب.</p>\r\n<p>تقول الأستاذة &laquo;كلوفر&raquo;: \"الأمر أشبه بقول أحدهم لك: &lsquo;خذ هذا الدواء، إنه لن ينفعك، بل سيزيد من مرضك&rsquo;. حين نوقن بأن أمراً ما غير نافع، فإن ذلك يعطينا سبباً وجيهاً للبحث عن طرائق أخرى\".</p>\r\n<p>بدلاً من العقاب ومن الأشياء التي لا ينبغي فعلها، يركّز أسلوب التأديب الإيجابي على تنمية علاقة إيجابية مع طفلك وعلى إفهامه ما هو المطلوب منه حيال سلوكه. والبشرى لكلّ أب وأمّ أنّ هذا الأسلوب ناجع وإليكم الطريقة التي بوسعكم استخدامها للبدء بتطبيقه:</p>', '1655294409051559200.jpg', 'en', 1, '2022-06-15 09:00:09', '2022-06-15 09:00:09');

-- --------------------------------------------------------

--
-- Table structure for table `failed_jobs`
--

CREATE TABLE `failed_jobs` (
  `id` bigint(20) UNSIGNED NOT NULL,
  `uuid` varchar(255) COLLATE utf8mb4_unicode_ci NOT NULL,
  `connection` text COLLATE utf8mb4_unicode_ci NOT NULL,
  `queue` text COLLATE utf8mb4_unicode_ci NOT NULL,
  `payload` longtext COLLATE utf8mb4_unicode_ci NOT NULL,
  `exception` longtext COLLATE utf8mb4_unicode_ci NOT NULL,
  `failed_at` timestamp NOT NULL DEFAULT current_timestamp()
) ENGINE=InnoDB DEFAULT CHARSET=utf8mb4 COLLATE=utf8mb4_unicode_ci;

-- --------------------------------------------------------

--
-- Table structure for table `goals`
--

CREATE TABLE `goals` (
  `id` bigint(20) UNSIGNED NOT NULL,
  `title` varchar(255) COLLATE utf8mb4_unicode_ci NOT NULL,
  `text` text COLLATE utf8mb4_unicode_ci NOT NULL,
  `lang` varchar(10) COLLATE utf8mb4_unicode_ci NOT NULL,
  `is_active` tinyint(1) NOT NULL DEFAULT 1,
  `created_at` timestamp NULL DEFAULT NULL,
  `updated_at` timestamp NULL DEFAULT NULL,
  `deleted_at` timestamp NULL DEFAULT NULL
) ENGINE=InnoDB DEFAULT CHARSET=utf8mb4 COLLATE=utf8mb4_unicode_ci;

--
-- Dumping data for table `goals`
--

INSERT INTO `goals` (`id`, `title`, `text`, `lang`, `is_active`, `created_at`, `updated_at`, `deleted_at`) VALUES
(1, 'الارتقاء بمهنة المحاماة', '<p style=\"text-align: center;\"><strong>في الوطن العربي وتطويرها، و تعزيز الروابط العربية، والعمل على توحيد التشريعات و الإجراءات العربية القانونية وإعداد دليل بذلك.</strong></p>', 'ar', 1, '2022-05-18 03:22:41', '2022-05-27 10:20:26', NULL),
(2, 'مناصرة القضايا الوطنية والعربية، والاسلامية', 'وخاصة المتعلقة بحقوق الأنسان، و تقديم العون القضائي للمحتاجين، و مناصرة قضايا العمال و الطفولة و المرأة و الأشخاص ذوي الاعاقة و غيرهم، و المساهمة في التنمية و نشر الثقافة القانونية و الحقوقية بين أوساط المجتمع اليمني والعربي.', 'ar', 1, '2022-05-18 03:22:57', '2022-05-18 03:22:57', NULL),
(3, 'تقديم العون القانوني المجاني للمحتاجين', '<p style=\"text-align: right;\">ممن ليس لديهم القدرة على دفع أتعاب المحاماة، و ذلك يرجع الى تقدير الدار و مناصرة قضايا حقوق الإنسان المحلية و العربية و الإسلامية و العالمية و إعداد تقرير الظل الخاصة بها و نشر الثقافة القانونية و الحقوقية المتعلقة بحقوق الأنسان.</p>', 'ar', 1, '2022-05-18 03:23:19', '2022-06-05 12:47:45', NULL),
(4, 'Upgrading and Developing', 'the legal profession in the Arab world and strengthening Arab ties and working to unify the legislation and the Arab legal procedures and prepare a manual.', 'en', 1, '2022-05-18 03:23:51', '2022-05-18 03:23:51', NULL),
(5, 'Advocacy of Arab and Islamic issues', 'especially on human rights, providing legal aid to those in need, advocacy of workers, children, women, persons with disabilities and others, and contributing to development and dissemination of culture and human rights among the Arab community.', 'en', 1, '2022-05-18 03:24:04', '2022-05-18 03:24:04', NULL),
(21, 'حماية و تمثيل الفئات الأضعف في المجتمع', '<p style=\"text-align: right;\">الأطفال و المرأة و العمال والأشخاص ذوي الإعاقة و اللاجئين و المهمشين و الأقليات و السجناء و غيرهم بهدف المشاركة في العملية التنموية وفق برامج و منهجية عمل منظمات المجتمع&nbsp;</p>', 'ar', 1, '2022-06-05 12:25:34', '2022-06-05 12:50:37', NULL),
(22, 'التشبيك مع مؤسسات الدولة ، و منظمات المجتمع المدني', '<p style=\"text-align: right;\">و المنظمات الدولية ، و كل الأطراف و الجهات ذات العلاقة بالحقوق و الحريات ، و التعاون معها</p>', 'ar', 1, '2022-06-05 12:25:57', '2022-06-05 12:49:05', NULL),
(23, 'نشر الوعي الحقوقي', '<p style=\"text-align: right;\">من خلال عقد ورش عمل و ندوات و محاضرات و طباعة بروشورات توعوية، و نشر دراسات خاصة بالمشاريع التي تم تنفيذها للوصول الى أقصى درجات الاستفادة في المشاريع التي تقوم بها الدار العربية.</p>', 'ar', 1, '2022-06-05 12:26:18', '2022-06-05 12:49:41', NULL),
(25, 'Upgrading and Developing', 'the legal profession in the Arab world and strengthening Arab ties and working to unify the legislation and the Arab legal procedures and prepare a manual.', 'en', 1, '2022-05-18 03:23:51', '2022-05-18 03:23:51', NULL),
(26, 'Advocacy of Arab and Islamic issues', 'especially on human rights, providing legal aid to those in need, advocacy of workers, children, women, persons with disabilities and others, and contributing to development and dissemination of culture and human rights among the Arab community.', 'en', 1, '2022-05-18 03:24:04', '2022-05-18 03:24:04', NULL);

-- --------------------------------------------------------

--
-- Table structure for table `jobs`
--

CREATE TABLE `jobs` (
  `id` bigint(20) UNSIGNED NOT NULL,
  `title` varchar(255) COLLATE utf8mb4_unicode_ci DEFAULT NULL,
  `requirment` text COLLATE utf8mb4_unicode_ci DEFAULT NULL,
  `start_date` date NOT NULL,
  `end_date` date NOT NULL,
  `is_active` tinyint(1) NOT NULL DEFAULT 1,
  `created_at` timestamp NULL DEFAULT NULL,
  `updated_at` timestamp NULL DEFAULT NULL
) ENGINE=InnoDB DEFAULT CHARSET=utf8mb4 COLLATE=utf8mb4_unicode_ci;

--
-- Dumping data for table `jobs`
--

INSERT INTO `jobs` (`id`, `title`, `requirment`, `start_date`, `end_date`, `is_active`, `created_at`, `updated_at`) VALUES
(1, 'محامي ميداني (مساعد دعم قانوني ميداني)', 'اسم الوظيفة: محامي ميداني (مساعد دعم قانوني ميداني):\r\n\r\nالمحافظات: (مأرب -حجة)\r\n\r\nتبحث منظمة غير حكومية وغير ربحية تعمل في جميع أنحاء اليمن عن مرشح مناسب لشغل منصب \"مساعد دعم قانوني ميداني\".\r\n\r\nالموعد النهائي للتقديم: 20 يونيو 2022\r\n\r\nملخص المهام:\r\n\r\nالمساعد الميداني للدعم القانوني هو المسؤول عن رصد وتوثيق وتقديم الدعم القانوني لضحايا الانتهاكات ضد حقوق الإنسان، وكذلك قضايا النساء والأطفال.\r\n\r\nالمهام الرئيسية:\r\n\r\nتقديم الدعم القانوني (متابعة قانونية من خلال القيام بالزيارات الميدانية الى الجهات المعنية – تقديم اشتشارات قانونية،..الخ).\r\nالقيام بالبحث عن قضايا وعمل الإبلاغ الاولي للقضايا ورفعه للمركز أولاً بأول .\r\nاعداد التقارير.\r\nالتواصل الفعال مع فريق المنظمة  وانشاء العلاقات الواسعة كلا في نطاقه الجغرافي للمساعدة في تقديم الدعم القانوني.\r\nإجراء المقابلات مع الضحايا وذويهم.\r\nالخبرة والمعايير الإلزامية:\r\n\r\nليسانس حقوق او الشريعة وقانون.\r\nبطاقة مزاولة مهنة المحاماة او تحت التمرين.\r\nيفضل خبرة في العمل مع المنظمات غير الحكومية أو المنظمات غير الحكومية الدولية، لا سيما في قطاع الحماية.\r\nمعرفة ممتازة ببرامج Microsoft Office. واستخدام الانترنت والبريد الالكتروني', '2022-06-15', '2022-06-30', 1, '2022-06-15 08:02:35', '2022-06-15 08:02:35'),
(2, 'Al-Jawf Governorate Focal Point (DTM)', '<p><strong>Open to Internal and External Candidates</strong></p>\r\n<table border=\"0\" cellspacing=\"0\" cellpadding=\"0\" align=\"center\">\r\n<tbody>\r\n<tr>\r\n<td>\r\n<p>&nbsp;&nbsp;&nbsp;&nbsp;&nbsp;&nbsp;&nbsp;&nbsp;&nbsp;&nbsp;&nbsp;&nbsp;&nbsp;&nbsp;&nbsp;&nbsp;&nbsp;&nbsp;&nbsp;&nbsp;&nbsp;&nbsp;&nbsp;&nbsp;&nbsp;&nbsp;&nbsp; Position</p>\r\n</td>\r\n<td>\r\n<p>:</p>\r\n</td>\r\n<td>\r\n<p><strong>Governorate Focal Point (DTM)</strong></p>\r\n</td>\r\n</tr>\r\n<tr>\r\n<td>\r\n<p>&nbsp;&nbsp;&nbsp;&nbsp;&nbsp;&nbsp;&nbsp;&nbsp; &nbsp;&nbsp;&nbsp;&nbsp;Organizational Unit</p>\r\n</td>\r\n<td>\r\n<p>:</p>\r\n</td>\r\n<td>\r\n<p><strong>Displacement Tracking Matrix (DTM)</strong></p>\r\n</td>\r\n</tr>\r\n<tr>\r\n<td>\r\n<p>&nbsp;&nbsp;&nbsp;&nbsp;&nbsp;&nbsp;&nbsp;&nbsp;&nbsp;&nbsp;&nbsp;&nbsp;&nbsp;&nbsp;&nbsp;&nbsp;&nbsp;&nbsp;&nbsp;&nbsp;&nbsp;&nbsp;&nbsp;&nbsp;&nbsp; Duty Station</p>\r\n</td>\r\n<td>\r\n<p>:</p>\r\n</td>\r\n<td>\r\n<p><strong>Yemen, Al-Jawf</strong></p>\r\n</td>\r\n</tr>\r\n<tr>\r\n<td>\r\n<p>&nbsp; &nbsp;&nbsp;&nbsp;&nbsp;&nbsp;&nbsp;&nbsp;&nbsp;&nbsp;&nbsp;&nbsp;&nbsp;&nbsp;&nbsp;&nbsp;&nbsp;&nbsp;IOM Classification</p>\r\n</td>\r\n<td>\r\n<p>:</p>\r\n</td>\r\n<td>\r\n<p><strong>M4</strong></p>\r\n</td>\r\n</tr>\r\n<tr>\r\n<td>\r\n<p>&nbsp;&nbsp;&nbsp;&nbsp;&nbsp;&nbsp;&nbsp;&nbsp;&nbsp;&nbsp;&nbsp;&nbsp; &nbsp;Type of Appointment</p>\r\n</td>\r\n<td>\r\n<p>:</p>\r\n</td>\r\n<td>\r\n<p><strong>Third Party Contracted (TPC) MPH Monthly Contract,</strong></p>\r\n<p><strong>6 Months&nbsp;</strong><strong>(With a possibility of renewal)</strong></p>\r\n</td>\r\n</tr>\r\n<tr>\r\n<td>\r\n<p>&nbsp;&nbsp;&nbsp;&nbsp;&nbsp;&nbsp;&nbsp;&nbsp;&nbsp;&nbsp;&nbsp;&nbsp;&nbsp; &nbsp;&nbsp;&nbsp;&nbsp;&nbsp;&nbsp;&nbsp;&nbsp;&nbsp;&nbsp;&nbsp;&nbsp;&nbsp;&nbsp;&nbsp;&nbsp;&nbsp;SVN No.</p>\r\n</td>\r\n<td>\r\n<p>:</p>\r\n</td>\r\n<td>\r\n<p><strong>CFCV2022.056</strong></p>\r\n</td>\r\n</tr>\r\n<tr>\r\n<td>\r\n<p>&nbsp;&nbsp;&nbsp;&nbsp;&nbsp;&nbsp; &nbsp;&nbsp;&nbsp;&nbsp;&nbsp;&nbsp;&nbsp;Estimated Start Date</p>\r\n</td>\r\n<td>\r\n<p>:</p>\r\n</td>\r\n<td>\r\n<p><strong>&nbsp;As soon as possible</strong></p>\r\n</td>\r\n</tr>\r\n<tr>\r\n<td>\r\n<p>&nbsp;&nbsp; &nbsp;&nbsp;&nbsp;&nbsp;&nbsp;&nbsp;&nbsp;&nbsp;&nbsp;&nbsp;&nbsp;&nbsp;&nbsp;&nbsp;&nbsp;&nbsp;&nbsp;&nbsp;Closing Date</p>\r\n</td>\r\n<td>\r\n<p>:</p>\r\n</td>\r\n<td>\r\n<p><strong>&nbsp;Monday 27 JUN 2022</strong></p>\r\n</td>\r\n</tr>\r\n</tbody>\r\n</table>\r\n<p>Established in 1951, IOM is the leading inter-governmental organization in the field of migration and works closely with governmental, intergovernmental and non-governmental partners. IOM is dedicated to promoting humane and orderly migration for the benefit of all. It does so by providing services and advice to governments and migrants.</p>\r\n<p>IOM is committed to a diverse and inclusive environment. Internal and external candidates are eligible to apply to this vacancy. For the purpose of the vacancy, internal candidates are considered as first-tier candidates.</p>\r\n<p><strong>Organizational Context and Scope:</strong></p>\r\n<p>Under the overall coordination of the DTM Project Officer and under the direct supervision of the DTM Programme Assistant, and the technical guidance from the information management team, the incumbent will be responsible and accountable for data collection by the field team for DTM activities in the governorate of responsibility.</p>\r\n<p><strong><em>Core Functions / Responsibilities:</em></strong></p>\r\n<ol>\r\n<li>Monitor enumerators to ensure data collection adheres to DTM guidelines and is performed on a daily basis, report on enumerators work performance and submit timesheets.</li>\r\n<li>Ensure timely data entry of forms, surveys, and questionnaires in DTM data collections systems.</li>\r\n<li>Support data verification and quality control to ensure accuracy in data collection tools, forms, surveys, and questionnaires in a timely manner before data entry in DTM database systems.</li>\r\n<li>Assist the logistical and administrative operations of DTM in the governorate of responsibility with the help of program support assistant.</li>\r\n<li>Under the guidance from the Programme Assistant, identify and liaise with Key Informants, authorities, NGOs, implementing partners, and other stakeholders as requested.</li>\r\n<li>Regularity assist in providing inputs on reports on data collection activities, governorate conditions and priority areas, to the Programme Assistant to inform on future activities</li>\r\n<li>Assist on collecting information on the humanitarian situation and needs through close coordination with counterparts and Key Informants at the governorate, district and location level.</li>\r\n<li>Visit locations of IDP, Returnee, and Migrant, and gather information on their number, location, demographic, needs, and other data as requested.</li>\r\n<li>Perform any other related duties assigned by direct supervisor.</li>\r\n</ol>\r\n<p><strong><em>Required Qualifications and Experience</em></strong></p>\r\n<p><strong>Education</strong></p>\r\n<ul>\r\n<li>Higher Diploma in Business or Public Administration, Information Technology, Public Health, Humanitarian Affairs, or a related field with three years of relevant experience, OR</li>\r\n<li>Secondary school education with 5 years of relevant experience in Public Administration, Information Technology, Public Health, Humanitarian Affairs, or a related field.</li>\r\n</ul>\r\n<p><strong>Experience</strong></p>\r\n<ul>\r\n<li>Knowledge and experience in humanitarian programmes data collection for IDPs and migrants.</li>\r\n<li>Experience liaising with governmental authorities, national or international institutions, NGOs, and other relevant stakeholders.</li>\r\n<li>Experience in data/information management preferably in conflict situations, and experience in different data collection methodologies.</li>\r\n<li>Experience with international organizations, INGOs, and NGOs an advantage.</li>\r\n<li>Sound and proven understanding of migration issues in Yemen and the wider region and its related issues.</li>\r\n<li>Experience with handling confidential data.</li>\r\n<li>Proven skills to assist in analysing statistical information.</li>\r\n</ul>\r\n<p><strong>Languages</strong></p>\r\n<p><strong>English</strong>&nbsp;and&nbsp;<strong>Arabic</strong></p>\r\n<p><strong><em>Required Competencies</em></strong></p>\r\n<p><strong>Values</strong></p>\r\n<ul>\r\n<li>Inclusion and respect for diversity: respects and promotes individual and cultural differences; encourages diversity and inclusion wherever possible.</li>\r\n<li>Integrity and transparency: maintains high ethical standards and acts in a manner consistent with organizational principles/rules and standards of conduct.</li>\r\n<li>Professionalism: demonstrates ability to work in a composed, competent and committed manner and exercises careful judgment in meeting day-to-day challenges.</li>\r\n</ul>\r\n<p><strong>Core Competencies&nbsp;</strong>&ndash; behavioural indicators&nbsp;<em>level 1</em></p>\r\n<p>The incumbent is expected to demonstrate the following competencies:</p>\r\n<ul>\r\n<li>Teamwork: develops and promotes effective collaboration within and across units to achieve shared goals and optimize results.</li>\r\n<li>Delivering results: produces and delivers quality results in a service-oriented and timely manner; is action oriented and committed to achieving agreed outcomes.</li>\r\n<li>Managing and sharing knowledge: continuously seeks to learn, share knowledge and innovate.</li>\r\n<li>Accountability: takes ownership for achieving the Organization&rsquo;s priorities and assumes responsibility for own action and delegated work.</li>\r\n<li>Communication: encourages and contributes to clear and open communication; explains complex matters in an informative, inspiring and motivational way.</li>\r\n</ul>\r\n<p><strong><em>Other</em></strong></p>\r\n<p>Any offer made to the candidate in relation to this vacancy notice is subject to funding confirmation.</p>\r\n<p>Only candidates residing in the country of the duty station within commuting distance of the duty station will be considered.</p>\r\n<p>Appointment will be subject to certification that the candidate is medically fit for appointment, national of the country with automatic right to live and work in the country, and security clearances.</p>', '2022-06-15', '2022-07-09', 0, '2022-06-15 08:03:53', '2022-06-15 08:03:53'),
(3, 'HR Assistant', '<section class=\"mb-2\">\r\n<div class=\"bg-white shadow-lg rounded-t-xl overflow-hidden\">\r\n<div class=\"divide-y divide-gray-200\">\r\n<div class=\" px-4 py-6 sm:px-6 print:text-xxs print:leading-tight\">\r\n<p><strong>M&eacute;decins Sans Fronti&egrave;res (MSF) is an international, independent, medical humanitarian organization that delivers emergency aid to people affected by armed conflict, epidemics, natural disasters and exclusion from healthcare. MSF offers assistance to people based on need, irrespective of race, religion, gender or political affiliation.</strong></p>\r\n<table cellspacing=\"0\" cellpadding=\"0\">\r\n<tbody>\r\n<tr>\r\n<td colspan=\"2\">\r\n<p><strong>Requirements for the position</strong></p>\r\n</td>\r\n</tr>\r\n<tr>\r\n<td>\r\n<p><strong>Education:</strong></p>\r\n<p>&nbsp;</p>\r\n</td>\r\n<td>\r\n<p>Essential: Degree in HR, Administration, or a related field</p>\r\n<p>Desirable: Human Resources diploma</p>\r\n</td>\r\n</tr>\r\n<tr>\r\n<td>\r\n<p>&nbsp;</p>\r\n<p><strong>Experience:</strong></p>\r\n</td>\r\n<td>\r\n<p>Essential:&nbsp; Previous working experience of at least one year with MSF in a relevant job.</p>\r\n<p>Desirable: Previous experience with other NGOs in HR Administration</p>\r\n</td>\r\n</tr>\r\n<tr>\r\n<td>\r\n<p>&nbsp;</p>\r\n<p><strong>Languages:</strong></p>\r\n</td>\r\n<td>\r\n<p>Essential: Fluent in Arabic and English</p>\r\n</td>\r\n</tr>\r\n<tr>\r\n<td colspan=\"2\">\r\n<p><strong>Description</strong></p>\r\n</td>\r\n</tr>\r\n<tr>\r\n<td>\r\n<p><strong>Place of work:</strong></p>\r\n</td>\r\n<td>\r\n<p><strong>Sana&rsquo;a capital Republic of Yemen</strong></p>\r\n</td>\r\n</tr>\r\n<tr>\r\n<td>\r\n<p><strong>Level:</strong></p>\r\n</td>\r\n<td>\r\n<p>6</p>\r\n</td>\r\n</tr>\r\n<tr>\r\n<td>\r\n<p><strong>Duration:</strong></p>\r\n</td>\r\n<td>\r\n<p>Until the end of 2022, with the possibility of an extension</p>\r\n</td>\r\n</tr>\r\n<tr>\r\n<td>\r\n<p><strong>Others:</strong></p>\r\n</td>\r\n<td>\r\n<p>Salary: Based on the organization scale</p>\r\n</td>\r\n</tr>\r\n<tr>\r\n<td>\r\n<p><strong>Main objectives</strong></p>\r\n</td>\r\n<td>\r\n<p>Execute administrative tasks according to personnel Admin manager indications and&nbsp;<strong>MSF</strong>&nbsp;procedures, in order to ensure legal compliance.</p>\r\n</td>\r\n</tr>\r\n<tr>\r\n<td>\r\n<p>&nbsp;</p>\r\n<p><strong>Main responsibilities and tasks</strong></p>\r\n<p>&nbsp;</p>\r\n</td>\r\n<td>\r\n<ul>\r\n<li>Execute administrative and legal related tasks, under supervision of the personnel Admin Manager, checking payroll calculations and updating personal files in order to ensure accuracy, compliance and on time payments and labour Law.</li>\r\n<li>Prepare employment contracts in conformity with legal requirements including specific amendments when necessary in order to ensure local labour and fiscal law compliance.</li>\r\n<li>Enter data into the HR database (Hom&egrave;re)&nbsp; and personal files and keep them up-to-date in order to facilitate HR processes management.</li>\r\n<li>Update Social security Tax office employee files in order to meet legal requirements and duties and prepration of monthly social security forms for the mession.</li>\r\n<li>Draw up monthly pay slips for all staff, editing and updating the necessary data, in order to ensure the punctuality and accuracy of staff payroll.</li>\r\n<li>Draw up the final pay slip and employment certificate at the end of a contract in order to meet legal requirements while defending&nbsp;<strong>MSF</strong>&rsquo;s interests.</li>\r\n<li>Follow up Capital staff contracts dates and service contracts of the external service providers and inform the personnel Admin Manager in order to leave enough time to arrange a renewal or look for some other alternative.</li>\r\n<li>Assist the Administration Manager in the prevision of monthly treasury and planning in order to ensure the coverage of daily needs, advances on salaries, payroll, etc.</li>\r\n<li>Supervise the domestic staff and manage the monthly orders for Expat house/pharmacy and stores</li>\r\n<li>Prepration of NS perdiem/transportation , MSF IDs, and medical IDs when needed</li>\r\n<li>Follow up and management of daily workers ensuring transparencey and credibility</li>\r\n<li>Make all administrative information available to the staff (posting, meetings, etc.).</li>\r\n<li>Assist the personnel Admin Manager in meetings upon request.Support the team in the office with any other tasks requires</li>\r\n</ul>\r\n</td>\r\n</tr>\r\n</tbody>\r\n</table>\r\n</div>\r\n</div>\r\n</div>\r\n</section>\r\n<section class=\"mb-6\" aria-labelledby=\"\">\r\n<div class=\"bg-white shadow-lg sm:rounded-b-xl sm:overflow-hidden\">\r\n<div class=\"divide-y divide-gray-200\">\r\n<div class=\"px-4 py-5 sm:px-6 bg-yellow-50 bg-opacity-70\">&nbsp;</div>\r\n<div class=\"px-4 py-6 sm:px-6 print:text-sm \">\r\n<p>&nbsp;</p>\r\n</div>\r\n</div>\r\n</div>\r\n</section>', '2022-06-15', '2022-07-09', 1, '2022-06-15 08:04:40', '2022-06-15 08:04:40'),
(4, 'Cleaner', '<p><strong>Purpose:&nbsp;&nbsp;</strong></p>\r\n<p>To assist in all cleaning duties pertaining to the GH/CO (4 months).&nbsp;</p>\r\n<p><strong>Scope of Tasks under this Assignment:&nbsp;&nbsp;</strong></p>\r\n<p>They will undertake the following tasks:&nbsp;</p>\r\n<ul>\r\n<li>Wash bathrooms, mop floors and clean fixtures and sweep floors.&nbsp; Sanitize kitchen floors, cupboards, and counters.&nbsp;</li>\r\n<li>Clean rooms, halls, lounges, and corridors.&nbsp;</li>\r\n<li>Empty and wash wastepaper baskets and ashtrays.&nbsp;</li>\r\n<li>Replenish bathroom supplies and disinfect bathroom floors.&nbsp;</li>\r\n<li>Wash dishes arrange dishes in cupboards.&nbsp;</li>\r\n<li>Dust and polish furniture and equipment.&nbsp;</li>\r\n<li>Wash bedsheets and curtains.&nbsp;</li>\r\n</ul>\r\n<p><strong>Duration of the Assignment:&nbsp;</strong></p>\r\n<p>The duration of this assignment will be for 4 months (<strong>01 July 2022 to 31 October&nbsp;</strong><strong>&nbsp;</strong><strong>2022</strong>).&nbsp;</p>\r\n<p><strong>Payment terms:&nbsp;</strong></p>\r\n<p>Monthly basis against a timesheet.</p>\r\n<p><strong>Requirements:&nbsp;&nbsp;</strong></p>\r\n<ul>\r\n<li>Experience in the same field not less than one year&nbsp;</li>\r\n<li>Excellent Attention to details.&nbsp;</li>\r\n<li>Flexible, punctual and can easily adapt to situations.&nbsp;</li>\r\n<li><strong>National applicants will only be considered.&nbsp;</strong></li>\r\n</ul>', '2022-06-15', '2022-07-09', 1, '2022-06-15 08:05:30', '2022-06-15 08:05:30'),
(5, 'Governorate Focal Point (DTM)', '<p><strong>Open to Internal and External Candidates</strong></p>\r\n<p>Position:&nbsp;Governorate Focal Point (DTM)<br>Organizational Unit:&nbsp;Displacement Tracking Matrix (DTM)<br>Duty Station: Yemen, Aden<br>IOM Classification:&nbsp;M4<br>Type of Appointment:&nbsp;Third Party Contracted (TPC) MPH Monthly Contract, 6 Months (With a possibility of renewal)<br>SVN No.&nbsp;&nbsp; &nbsp;:&nbsp;&nbsp; &nbsp;CFCV2022.058<br>Estimated Start Date:&nbsp;As soon as possible<br>Closing Date:&nbsp;Monday 27 JUN 2022</p>\r\n<p>Established in 1951, IOM is the leading inter-governmental organization in the field of migration and works closely with governmental, intergovernmental and non-governmental partners. IOM is dedicated to promoting humane and orderly migration for the benefit of all. It does so by providing services and advice to governments and migrants.</p>\r\n<p><strong>Organizational Context and Scope:</strong></p>\r\n<p>Under the overall coordination of the DTM Project Officer and under the direct supervision of the DTM Programme Assistant, and the technical guidance from the information management team, the incumbent will be responsible and accountable for data collection by the field team for DTM activities in the governorate of responsibility.</p>\r\n<p><strong>Core Functions / Responsibilities:</strong></p>\r\n<p>1.&nbsp;&nbsp; &nbsp;Monitor enumerators to ensure data collection adheres to DTM guidelines and is performed on a daily basis, report on enumerators work performance and submit timesheets.<br>2.&nbsp;&nbsp; &nbsp;Ensure timely data entry of forms, surveys, and questionnaires in DTM data collections systems.<br>3.&nbsp;&nbsp; &nbsp;Support data verification and quality control to ensure accuracy in data collection tools, forms, surveys, and questionnaires in a timely manner before data entry in DTM database systems.<br>4.&nbsp;&nbsp; &nbsp;Assist the logistical and administrative operations of DTM in the governorate of responsibility with the help of program support assistant.<br>5.&nbsp;&nbsp; &nbsp;Under the guidance from the Programme Assistant, identify and liaise with Key Informants, authorities, NGOs, implementing partners, and other stakeholders as requested.<br>6.&nbsp;&nbsp; &nbsp;Regularity assist in providing inputs on reports on data collection activities, governorate conditions and priority areas, to the Programme Assistant to inform on future activities&nbsp;<br>7.&nbsp;&nbsp; &nbsp;Assist on collecting information on the humanitarian situation and needs through close coordination with counterparts and Key Informants at the governorate, district and location level.<br>8.&nbsp;&nbsp; &nbsp;Visit locations of IDP, Returnee, and Migrant, and gather information on their number, location, demographic, needs, and other data as requested.<br>9.&nbsp;&nbsp; &nbsp;Perform any other related duties assigned by direct supervisor.</p>\r\n<p><strong>Required Qualifications and Experience</strong></p>\r\n<p><strong>EDUCATION</strong></p>\r\n<ul>\r\n<li>Higher Diploma in Business or Public Administration, Information Technology, Public Health, Humanitarian Affairs, or a related field with three years of relevant experience, OR</li>\r\n<li>Secondary school education with 5 years of relevant experience in Public Administration, Information Technology, Public Health, Humanitarian Affairs, or a related field.</li>\r\n</ul>\r\n<p><strong>EXPERIENCE</strong></p>\r\n<ul>\r\n<li>Knowledge and experience in humanitarian programmes data collection for IDPs and migrants.</li>\r\n<li>Experience liaising with governmental authorities, national or international institutions, NGOs, and other relevant stakeholders.</li>\r\n<li>Experience in data/information management preferably in conflict situations, and experience in different data collection methodologies.</li>\r\n<li>Experience with international organizations, INGOs, and NGOs an advantage.</li>\r\n<li>Sound and proven understanding of migration issues in Yemen and the wider region and its related issues.</li>\r\n<li>Experience with handling confidential data.</li>\r\n<li>Proven skills to assist in analysing statistical information.</li>\r\n</ul>\r\n<p><strong>Languages</strong>: English and Arabic</p>\r\n<p><strong>Required Competencies</strong></p>\r\n<p><strong>Values</strong></p>\r\n<ul>\r\n<li>Inclusion and respect for diversity: respects and promotes individual and cultural differences; encourages diversity and inclusion wherever possible.</li>\r\n<li>Integrity and transparency: maintains high ethical standards and acts in a manner consistent with organizational principles/rules and standards of conduct.</li>\r\n<li>Professionalism: demonstrates ability to work in a composed, competent and committed manner and exercises careful judgment in meeting day-to-day challenges.</li>\r\n</ul>\r\n<p><strong>Core Competencies &ndash; behavioural indicators level 1</strong></p>\r\n<p>The incumbent is expected to demonstrate the following competencies:</p>\r\n<ul>\r\n<li>Teamwork: develops and promotes effective collaboration within and across units to achieve shared goals and optimize results.</li>\r\n<li>Delivering results: produces and delivers quality results in a service-oriented and timely manner; is action oriented and committed to achieving agreed outcomes.</li>\r\n<li>Managing and sharing knowledge: continuously seeks to learn, share knowledge and innovate.</li>\r\n<li>Accountability: takes ownership for achieving the Organization&rsquo;s priorities and assumes responsibility for own action and delegated work.</li>\r\n<li>Communication: encourages and contributes to clear and open communication; explains complex matters in an informative, inspiring and motivational way.</li>\r\n</ul>\r\n<p><strong>Other</strong></p>\r\n<ul>\r\n<li>Any offer made to the candidate in relation to this vacancy notice is subject to funding confirmation.</li>\r\n<li>Only candidates residing in the country of the duty station within commuting distance of the duty station will be considered.</li>\r\n<li>Appointment will be subject to certification that the candidate is medically fit for appointment, national of the country with automatic right to live and work in the country, and security clearances.</li>\r\n<li>Females with the above qualifications are encouraged to apply.</li>\r\n<li>As part of the application process, all candidates, regardless of the type or duration of the contract, must disclose any known relative who works for IOM or is engaged with IOM in any capacity.</li>\r\n<li>Non-compliance with the relative disclosure requirement can constitute a basis for withdrawal of offer of employment, or if the employment has begun, terminating the employment contract and/or disciplinary action.</li>\r\n</ul>', '2022-06-15', '2022-07-09', 1, '2022-06-15 08:06:41', '2022-06-15 08:06:41'),
(6, 'Nutrition Officer', '<p><strong>Job Title:</strong>&nbsp;Nutrition Officer &nbsp;<br><strong>Department:&nbsp;</strong>&nbsp;Program &nbsp;<br><strong>Reports to:</strong>&nbsp; Program Manager<br><strong>Location:</strong>&nbsp; Al Dhale\'e Governorate, Yemen</p>\r\n<p><strong>SUMMARY</strong></p>\r\n<p>Global Communities works at the intersection of humanitarian assistance, sustainable development, and financial inclusion to save lives, advance equity, and secure strong futures. We support communities at the forefront of their own development in more than 35 countries, partnering with local leaders, governments, civil society, and the private sector to achieve a shared vision of a more just, prosperous, and equitable global community.&nbsp;<br>Our emergency response programs are designed with a resilience-based approach to enable the delivery of life-saving interventions while helping to reduce food aid dependency, improve household nutrition and food availability, and provide income so that individuals can be agents in their own recovery.&nbsp;<br>Global Communities&rsquo; Department of Humanitarian Assistance (HA) has developed a strategy for the organization&rsquo;s response to the Yemen crisis, anchored in a field presence. Specifically, HA is responding directly in Yemen, intensifying Global Communities&rsquo; assistance to vulnerable Yemenis. Global Communities, with its more than 60-year experience in over 80 countries, has the commitment to be a strong part of the humanitarian response to Yemen by building up the capacity of vulnerable groups and strengthening their resilience to improve their living conditions with a long-lasting, positive, and community-based change. &nbsp;</p>\r\n<p><strong>ESSENTIAL DUTIES AND RESPONSIBILITIES&nbsp;</strong></p>\r\n<p>The Nutrition Officer will be responsible for the design and management of complementary nutrition activities proposed under the program. &nbsp;The Nutrition Officer will support with logistics for the training for the Community Health and Nutrition Volunteers (CHNVs). They will follow up on identified needs to support the CHNVs, support coordination efforts with relevant clusters and implementing partners within the targeted geographic areas, and document lessons learned from the nutrition activities.&nbsp;<br>Level of Effort: full-time; 100% LOE over the life of the program. The duties are specified in particular are as follows:</p>\r\n<ul>\r\n<li>Manage and support the implementation of Maternal and Child Health and Nutrition (MCHN) health and nutritional education activities at the community level in villages of one of the two targeted districts in Al Dhale\'e.&nbsp;</li>\r\n<li>Liaise with the Health Office in Al Dhale\'e and other partners to ensure that nutrition education practices are comprehensively understood following set guidelines promoted by the project.</li>\r\n<li>Manage and prepare for the implementation of Community Health and Nutrition Volunteers (CHNVs) training according to MoPHP guidelines.</li>\r\n<li>Manage and supervise the mother-to-Mother groups.</li>\r\n<li>Supervise and work closely with Community Health and Nutrition Volunteers in the targeted district.&nbsp;</li>\r\n<li>Support and supervise the CHNVs to take accurate anthropometrics measurements.</li>\r\n<li>Work in close collaboration with the CHNVs and health staff in terms of identification of the beneficiaries, screening and referral, community case follow-up.&nbsp;</li>\r\n<li>Ensure that CHNVs Provide individual nutrition counselling based on the nutrition status, age of the child/pregnancy stage, provide information on the MCHN activities, the use of the ration.</li>\r\n<li>Follow and monitor the distribution of IEC materials among beneficiaries and the Vendors stores.</li>\r\n<li>Ensure CHNVs visits to the targeted beneficiaries for the nutrition follow-up of each beneficiary based on MUAC reading and refer the cases with malnutrition to nearest health facility.</li>\r\n<li>Prepare monthly activity reports.</li>\r\n<li>Supervise CHNVs in carrying out community based nutritional promotional activities targeting community groups. Activities will primarily include IYCF sessions, community feedback meetings and social mobilization toward overall objectives.&nbsp;</li>\r\n<li>Support the collection, processing and verification of reports/forms that are required to maintain program databases.</li>\r\n<li>In Coordination with Al Dhale\'e Health office facilitate the identification and initial Training for CHVs in targeted area.</li>\r\n<li>Due to the nature of the program&rsquo;s activities, the above-mentioned tasks are indicative only and are subject to change. Other/additional tasks may be delegated to meet programmatic objectives.</li>\r\n<li>This duty currently requires daily field activities in Azariq, Qaatba, and Al Dhale&rsquo;e districts of Adhalee governorate</li>\r\n<li>Other duties as assigned by supervisor.</li>\r\n</ul>\r\n<p><strong>EDUCATION and/or EXPERIENCE&nbsp;</strong>&nbsp; &nbsp; &nbsp; &nbsp; &nbsp; &nbsp;</p>\r\n<ul>\r\n<li>Bachelor&rsquo;s Degree in Health Sciences, Food and/or Nutrition or equivalent field is required.</li>\r\n<li>At least (1-2) years&rsquo; work experience at the supervisory level in community nutrition work and implementation of nutrition education programs is required.</li>\r\n</ul>\r\n<p><strong>TECHNICAL SKILLS &nbsp;</strong></p>\r\n<ul>\r\n<li>Previous working experience with INGOs/UN agencies implementing Community Nutrition projects in Yemen.</li>\r\n<li>Good Understanding of IYCF and community management of malnutrition.</li>\r\n<li>Proven capacity to supervise, train and coach local staff and Community Health Volunteers.</li>\r\n<li>Ability and willingness to frequently travel to the field.</li>\r\n<li>Very good in written and verbal English and Arabic is required. Must be able to read and interpret documents, and communicate with others as necessary to perform job duties effectively.</li>\r\n<li>Proficient in standard Microsoft Office package (Word, Excel, Outlook) and typing.</li>\r\n<li>Ability to work under pressure and manage personal stress levels.</li>\r\n<li>Sense of neutrality and ability to work across Yemen, in cooperation with all parties to the conflict.</li>\r\n<li>Proven success in working with complex teams in difficult environments.</li>\r\n<li>Be Based in Al Dhale\'e governorate.</li>\r\n</ul>\r\n<p><strong>DURATION</strong></p>\r\n<ul>\r\n<li>From July 2022 until April 2023. &nbsp;</li>\r\n</ul>', '2022-06-15', '2022-07-09', 1, '2022-06-15 08:07:06', '2022-06-15 08:07:06'),
(7, 'WatHaB Engineer', '<section class=\"mb-2\">\r\n<div class=\"bg-white shadow-lg rounded-t-xl overflow-hidden\">\r\n<div class=\"divide-y divide-gray-200\">\r\n<div class=\" px-4 py-6 sm:px-6 print:text-xxs print:leading-tight\">\r\n<p>The International Committee of the Red Cross (ICRC) is an independent, neutral organization ensuring humanitarian protection and assistance for victims of war and armed violence. Please visit www.icrc.org for more information.</p>\r\n<p>The ICRC is looking for two candidates to fill the positions of:</p>\r\n<p><strong>WatHaB Engineer</strong></p>\r\n<p>Contract type: &nbsp;Open Ended<br>Number of Posts:&nbsp;1 Post<br>Duty Station: &nbsp;Sana&rsquo;a&nbsp;<br>Date of announcement:&nbsp;&nbsp; 15/06/2022</p>\r\n<p><strong>Purpose :</strong></p>\r\n<p>WatHab Engineer 2 plans, designs and implements complex engineering projects, within the scope of the ICRC\'s water and habitat assistance objectives, with limited coaching and support from WatHab Engineer 3 or the WatHab Coordinator.S/he responsible for understanding the initial scope of the Diagnostic &amp; Rehabilitation Feasibility Studies including identifying the outputs &amp; deliverables and leading the project unit groups with clear tasks and roles &amp; responsibilities. S/he is responsible for the implementation of all or part of the WatHab programme within the area of geographic responsibility of SAC Subdelegation, acts as a key interface with external stakeholders and reports to management on stakeholder relations and the general situation.</p>\r\n<p><strong>Accountabilities &amp; Responsibilities&nbsp;</strong></p>\r\n<p><strong>Functional Responsibilities:&nbsp;</strong></p>\r\n<ul>\r\n<li>Draws up documents (drawings, bills of quantities, contracts, etc.) for engineering projects using approved formats; monitors project implementation for compliance with project documents, ICRC standards, and the local building code/standards, ensuring corrective action is taken if necessary.</li>\r\n<li>Produces key documents (operational plan, quarterly reports and any other ad-hoc documents as per need); mobilizes the human and material resources required (including specialists) for implementing the projects.</li>\r\n<li>Supervises the design work of staff under their responsibility and coaches them on their skills.</li>\r\n<li>Supervises contractors and on-site work for all project types and conducts quality control during the design and construction of infrastructure installed by the ICRC.</li>\r\n<li>Prepares implementation/progress reports at intervals set by the project manager and/or consolidates reports by staff under their responsibility.</li>\r\n<li>Creates project files in electronic databases (such as the WatHab Project Assistant application) and keeps them up to date.</li>\r\n<li>Establishes and maintains a network of external stakeholders, such as international organizations, NGOs and national authorities.</li>\r\n<li>Signs off on technical documents include assessment, option analysis, detailed designs, operational and capacity building plans prepared by consultants and WatHab Engineers 1.</li>\r\n<li>Manages tendering and project purchasing on labour and materials according to the delegation\'s logistical and financial rules.</li>\r\n<li>Networks with stakeholders, monitors security issues related to project sites and advises WatHab Engineer 3 or WatHab Coordinator where necessary; provides regular information to supervisors on security, stakeholder issues and site progress.</li>\r\n<li>Carries out and analyses needs assessments and surveys and shares analysis with WatHab Engineer 3 or the WatHab Coordinator.</li>\r\n<li>Administers hand-over of infrastructure installed by the ICRC to end-users.</li>\r\n<li>Trains or organizes training for end-users in the operation and maintenance of infrastructure installed by the ICRC.</li>\r\n<li>Uses results-based management to evaluate project implementation and analyse data.</li>\r\n</ul>\r\n<p><strong>Certifications/Education Required&nbsp;</strong></p>\r\n<ul>\r\n<li>University degree in electro-mechanical, architecture, civil or structural engineering, hydrology, hydraulics, geology or similar.</li>\r\n<li>Excellent command (spoken and written) of local language(s).</li>\r\n<li>Excellent command (spoken and written) of English.</li>\r\n<li>Proficient in use of drawing, scheduling, and hydraulic engineering software.</li>\r\n<li>Advanced degree in electro-mechanical, architecture, civil or structural engineering, hydrology, geology or a related field, or equivalent professional experience, an asset.</li>\r\n<li>Proficient in use of AutoCAD and MS project-management suite or equivalent.</li>\r\n<li>Management training an asset.</li>\r\n</ul>\r\n<p><strong>Professional Experience Required&nbsp;</strong></p>\r\n<ul>\r\n<li>6-8 years\' professional experience in a related field. 1&ndash;2 years\' professional experience at an international NGO an asset.</li>\r\n<li>Advanced knowledge of water and sanitation or construction engineering.</li>\r\n<li>Experience managing 4&ndash;6 technical support staff.&nbsp; Competencies &nbsp;</li>\r\n<li>Proactivity&nbsp;&nbsp; &nbsp; &nbsp;&nbsp; &nbsp; &nbsp;&nbsp; &nbsp;&nbsp;</li>\r\n<li>Accountability&nbsp;&nbsp; &nbsp; &nbsp;&nbsp; &nbsp; &nbsp;&nbsp; &nbsp;&nbsp;</li>\r\n<li>Team work &amp; Collaboration&nbsp;&nbsp; &nbsp; &nbsp;&nbsp; &nbsp; &nbsp;&nbsp; &nbsp;&nbsp;</li>\r\n<li>Representing the ICRC&nbsp;&nbsp; &nbsp; &nbsp;&nbsp; &nbsp; &nbsp;&nbsp; &nbsp;&nbsp;</li>\r\n<li>Beneficiary &amp; Client focused&nbsp;&nbsp; &nbsp;&nbsp;&nbsp; &nbsp;</li>\r\n</ul>\r\n</div>\r\n</div>\r\n</div>\r\n</section>\r\n<section class=\"mb-6\" aria-labelledby=\"\">\r\n<div class=\"bg-white shadow-lg sm:rounded-b-xl sm:overflow-hidden\">\r\n<div class=\"divide-y divide-gray-200\">\r\n<div class=\"px-4 py-5 sm:px-6 bg-yellow-50 bg-opacity-70\">\r\n<h2 id=\"how-to-apply\" class=\"text-xl font-bold text-yellow-400\">&nbsp;&nbsp;</h2>\r\n</div>\r\n</div>\r\n</div>\r\n</section>', '2022-06-15', '2022-07-09', 1, '2022-06-15 08:07:49', '2022-06-15 08:07:49'),
(8, 'Teachers', '<p><strong>Job Title</strong>: Teachers<br><strong>Location:&nbsp;</strong>Sana&rsquo;a, Haddah Street Iran Street<br><strong>Contract Type:</strong>&nbsp;School yearly contract<br><strong>Position Type:</strong>&nbsp;Full time<br><strong>Closing date</strong>: 1 July 2022</p>\r\n<p><strong>Overview</strong></p>\r\n<p>AlAmin Private Schools is an English-based school following the Cambridge International Curriculum with a comfortable working environment to deliver the best level of education to the students.</p>\r\n<p>We are looking for a team of committed educators and professionals with good qualifications, experience, and passion to take the education beyond classrooms and further add a positive impact to the school.&nbsp;</p>\r\n<p><strong>Primary Section (Grade 1-6)</strong></p>\r\n<p>English subjects Teacher (Math, English, Science, and Computer) &nbsp;</p>\r\n<p>Arabic subjects Teacher (Arabic, Quran, Islamic, and Social Studies)</p>\r\n<ul>\r\n<li>Fluent in English (English subjects teacher)&nbsp;</li>\r\n<li>Preferred one or two years of experience in relevant position</li>\r\n<li>A bachelor or a diploma certificate</li>\r\n<li>Good knowledge of using computer programs</li>\r\n</ul>\r\n<p><strong>Kindergarten Section (KG1 and KG2)</strong></p>\r\n<p><strong>English &amp; Arabic Teacher</strong></p>\r\n<ul>\r\n<li>Fluent in English (English Teacher)</li>\r\n<li>Good knowledge of using computer programs&nbsp;</li>\r\n<li>Good ability to deal with different personalities of kids</li>\r\n<li>Ability to engage and use modern teaching methods</li>\r\n<li>Ability to introduce innovative teaching methods</li>\r\n</ul>\r\n<p dir=\"rtl\"><strong>المسمى الوظيفي:</strong>&nbsp;تدريس<br><strong>العنوان:</strong>&nbsp;صنعاء، شارع حدة &ndash; شارع إيران<br><strong>مدة العقد</strong>: سنة دراسية<br><strong>نوع التوظيف:</strong>&nbsp;دوام كامل<br><strong>تاريخ انتهاء التقديم:</strong>&nbsp;1 يوليو 2022</p>\r\n<p dir=\"rtl\"><strong>الوصف العام</strong><br>مدارس الأمين الأهلية تتبع المنهج البريطاني المعتمد دولياً (كامبردج) ضمن كادر تعليمي مميز في بيئة تتمتع بالأمن و الرعاية لتوفير افضل مستوى تعليمي للطلاب.<br>تعلن المدرسة عن فتح باب التقديم لمن لديه/ها خبرة و كفاَءة تعليمية عالية للانضمام إلى فريقنا و إضافة بصمة إيجابية للمدرسة.&nbsp;</p>\r\n<p dir=\"rtl\"><strong>القسم الابتدائي (من الصف الأول الى الصف السادس)&nbsp;</strong></p>\r\n<p dir=\"rtl\">معلم/ة المواد الإنجليزية (رياضيات، لغة إنجليزية، علوم، كمبيوتر) والمواد العربية (قراًن، تربية إسلامية، لغة عربية، اجتماعيات)</p>\r\n<ul dir=\"rtl\">\r\n<li>إجادة اللغة الإنجليزية (معلم/ة المواد الإنجليزية)</li>\r\n<li>يفضل خبرة سنة أو سنتين في نفس المجال</li>\r\n<li>شهادة بكالوريوس او دبلوم</li>\r\n<li>إجادة استخدام برامج الكمبيوتر</li>\r\n</ul>\r\n<p dir=\"rtl\"><strong>القسم التمهيدي (KG1 + KG2)</strong><br>معلمة اللغة الإنجليزية و العربية</p>\r\n<ul dir=\"rtl\">\r\n<li>إجادة اللغة الإنجليزية (معلمة اللغة الإنجليزية)&nbsp;</li>\r\n<li>إجادة استخدام برامج الكمبيوتر&nbsp;</li>\r\n<li>قدرة التعامل مع مختلف شخصيات الأطفال</li>\r\n<li>قدرة التنويع في أسلوب التدريس بأساليب مختلفة و متجددة</li>\r\n<li>قدرة تنمية مواهب الطلاب بأساليب مختلفة و متجددة</li>\r\n</ul>', '2022-06-15', '2022-07-09', 1, '2022-06-15 08:08:19', '2022-06-15 08:08:19'),
(9, 'Human Resource Officer', '<p>Posted vacancy: &nbsp;Human Resources Officer .<br>Place: Sana\'a&nbsp;<br>Position Type: Full-time contract.<br>Position reporting to Executive Director.<br>Starting Date: ASAP.<br>Post date: June 15th, 2022.<br>Closing Date: June 30th, 2022.<br>Number of Vacancies: &nbsp;(1).</p>\r\n<p><strong>Job Overview:&nbsp;</strong></p>\r\n<p>The Human Resource Officer (HRO) will lead and facilitate the development of a highly effective, strategic HR function to ensure the foundation has the structure, culture and talent needed to deliver on program goals effectively.&nbsp;<br>The HRO will direct the delivery of key HR services and infrastructure in line with a strategy for efficient and effective services at multiple levels. They will drive the implementation and adaptation of HR global initiatives and best practices. The HRO will serve as advisor and direct supervisor to maximize staffing resources and performance, ensure efficiency of work processes, and contain institutional risk. And Will model the organizational values of integrity, accountability, service and equality and will support colleagues to understand and live these values in their working lives.</p>\r\n<p><strong>Main mission :</strong></p>\r\n<ul>\r\n<li>Ensure efficiency and compliance in HR-related aspects.</li>\r\n<li>Optimize the Processes of HRM &amp; guarantee countinous development regarding best practices ,transparency and quality assurance .</li>\r\n</ul>\r\n<p><strong>Responsibilities:</strong></p>\r\n<p><strong>Planning &amp; Operation</strong></p>\r\n<ul>\r\n<li>Support the development effort of the foundation\'s infrastructure, environment, and ensuring staff capacity building program\'s execution.</li>\r\n<li>Guarantee the Developing of ploicies, procedures &amp; practices of human resources department.&nbsp;</li>\r\n<li>Helping to develop practical procedures that help implement the established policies, plans, and programs and recommend any required decisions to the Executive Director.</li>\r\n<li>Contributing to the development of the foundation&rsquo;s work environment, to raise the foundation\'s efficiency and continuity.</li>\r\n<li>Participate in preparing the annual plans for the HR and ensure approval by the Executive Director.</li>\r\n<li>Develop performance measures that support the foundation\'s strategic direction.</li>\r\n<li>Plan, manage and control the Human resources according to the regulations and policies.&nbsp;</li>\r\n<li>Ensure that the foundation adheres to the local labor law, legislation, and best practices of the HRM.</li>\r\n<li>Evaluate and facilitate HR functional capacity and service delivery. Build knowledge, expertise, and capacity of the HR and management team.</li>\r\n<li>Lead the planning and implementation of HR initiatives. Ensure effective adaptation at all levels and compliance with the spirit and intent of labor regulations and donor requirements. Solicit feedback and suggested improvements.</li>\r\n<li>Direct development and delivery of training and capacity building efforts.</li>\r\n<li>Collaborate with and contribute to the team, including through effective participation in regular meetings and joint work streams.</li>\r\n<li>Collaborate with leadership to identify gaps in the structure while ensuring timely hiring and development of the right talent. Focus on increasing the representation of talent.</li>\r\n<li>Travel to the governorates (as conditions allow) as and when needed to provide in-person HR leadership, support, technical trainings and/or management of special projects.</li>\r\n</ul>\r\n<p><strong>Staff Relations:</strong></p>\r\n<ul>\r\n<li>Provide leadership to staff in relation to HR, ensuring compliance with approved policies and procedures.</li>\r\n<li>Make our Vision &amp; Mission visible in everyday actions: Helps colleagues to see the link between their individual tasks and the contributions of their unit&rsquo;s goals to the broader context of the mission.</li>\r\n<li>Ensure that all staff are aware of HR policies and procedures in place.</li>\r\n<li>Administer Human Resources Information System (including timesheets) to ensure an updated HR data for easy access.</li>\r\n<li>Maintain accurate personnel records for all staff and ensure that the payroll is being computed rightly .</li>\r\n</ul>\r\n<p><strong>Government and External Relations</strong></p>\r\n<ul>\r\n<li>Represent the foundation at the Ministry of Labour and offices in pursuit of its interests.</li>\r\n<li>Work with management and legal adviser to solve emerging HR related issues with authorities.</li>\r\n<li>Ensure that all legal requirements with regard to employment in YEMEN are reviewed, monitored and implemented.</li>\r\n<li>Mitigate risk by keeping organization compliant with the Yemeni labour laws and regulations.</li>\r\n</ul>\r\n<p><strong>Staff Evaluation and Capacity Building</strong></p>\r\n<ul>\r\n<li>Ensure that the performance management procedure is systematized, all staff inducted on it and following it.</li>\r\n<li>Liaise with line manager to assess training needs of staff to be able to plan and budget a training programme for staff.</li>\r\n<li>Work with line manager to identify and develop talents for succession planning.</li>\r\n<li>Work with line manager to maintain a healthy staff culture and behaviors as well the organizational values.</li>\r\n</ul>\r\n<p><strong>Other regular duties:</strong></p>\r\n<ul>\r\n<li>Ensure that effective &amp; efficient human resources management system, practices and plan are in place and regularly updated as needed then implemented precisely.</li>\r\n<li>Ensure the highest level of confidentiality is maintained with regard to all sensitive personnel data and in line with the foundation guidelines and procedures on Data Protection.&nbsp;</li>\r\n<li>Supervise the process of on-boarding effort and do ensure that new hires have had a proper induction disseminated and relevant materials are shared and understood on time specially code of conduct and safe gurdining policies in place.</li>\r\n<li>Responsible for the successful completion of required HR administration tasks including maintaining of staffing details and data.</li>\r\n<li>Support staff to submit timesheet correctly and timely through coaching and training when needed.</li>\r\n<li>Assist in conducting various human resources programs when requested from Field (training, orientation, etc) and procedures for all staff.</li>\r\n<li>Assist team Heads in conducting various human resources programmes (surveys, assessments. etc.) &nbsp;.</li>\r\n<li>Any other tasks assigned by the top management.</li>\r\n</ul>\r\n<p><strong>STANDARD MINIMUM QUALIFICATIONS</strong></p>\r\n<p><strong>Basic requirements: (Education/Qualification/ Language/Computer etc.):</strong></p>\r\n<ul>\r\n<li>Field(s) of Education Human Resources Management; Human Resource Development; Personnel Administration; Business Administration; or other relevant field.&nbsp;</li>\r\n<li>Proficient - Fluent in English &amp; Arabic.</li>\r\n<li>Proficiency in using HRIS, ERPs, Microsoft Office and other related software &amp; tools.</li>\r\n</ul>', '2022-06-15', '2022-07-09', 1, '2022-06-15 08:08:49', '2022-06-15 08:08:49');
INSERT INTO `jobs` (`id`, `title`, `requirment`, `start_date`, `end_date`, `is_active`, `created_at`, `updated_at`) VALUES
(10, 'Area Communication Assistant', '<p>CARE International is currently seeking an Area Communication Assistant. She/ He will support in the development of Area communication products, ensuring adherence to CARE brand standards, ensuring updated products and support to Area communications capacity building.&nbsp;&nbsp; &nbsp;</p>\r\n<p><strong>Position:&nbsp;</strong>Area Communication Assistant</p>\r\n<p><strong>Location:&nbsp;</strong>Marib &nbsp;<br>&nbsp;&nbsp; &nbsp;<br><strong>Main Responsibilities:</strong></p>\r\n<p>This position reports to the Area Manager and technically to Policy, Communications and Information Coordinator, and is mainly responsible for supporting in the development of Area communication products, ensuring adherence to CARE brand standards, ensuring updated products and support to Area communications capacity building. The position holder shall also support in developing communication materials such as human-interest stories, blogs, photo essays, articles, social media content and videos; as well as work with the program team and other stakeholders in managing and implementing events/campaigns.<br>Assist improve the range of CARE Yemen information products available:</p>\r\n<ul>\r\n<li>Under supervision from Policy, Communications and Information Coordinator, gather and draft CARE Yemen communication materials including human interest stories, blogs, photo essays, articles and social media content.</li>\r\n<li>Support Area program teams in the development of products through reviewing and editing of drafts.</li>\r\n<li>Assist in managing the CARE Yemen webpage through regular posting of information; Ensure page is up to date, accurate, compelling; find innovative methods to attract more visitors to online channels.</li>\r\n<li>Support Area Office staff in enhancing communication capacities.</li>\r\n</ul>\r\n<p><strong>Communication Plan &amp; Logistical Support:</strong></p>\r\n<ul>\r\n<li>Support logistical processes related to communication product development e.g. field missions, photography, media visits etc.</li>\r\n<li>Under the guidance of the Area Manager &amp; Policy, Communications and Information Coordinator, support the implementation of an integrated communications plan aligned with program and Area Office priorities.</li>\r\n</ul>\r\n<p><strong>Communication Support to Area Office:</strong></p>\r\n<ul>\r\n<li>Develop Area database of photographs, videos, human interest stories etc. for use by sector and donor.&nbsp;</li>\r\n<li>Provide in-house translation of communication products; proof-read to ensure accuracy and consistency.</li>\r\n</ul>\r\n<p><strong>CARE Brand Management:</strong></p>\r\n<ul>\r\n<li>Monitor adherence to the brand for all CARE external communications.&nbsp;</li>\r\n<li>Support team members to ensure that all CARE external communication materials e.g. publications, handouts, brochures, invitations, power point presentations, email invites etc. meet CARE\'s and donors\' branding criteria.</li>\r\n<li>Perform other duties as assigned.</li>\r\n</ul>\r\n<p><strong>Required:</strong></p>\r\n<ul>\r\n<li>Bachelor&rsquo;s degree in journalism, communications, languages or business administration.&nbsp;</li>\r\n<li>Strong data analysis training.</li>\r\n<li>At least 1-3 years of experience in communication and advocacy&nbsp;</li>\r\n<li>Working experience with INGOs</li>\r\n<li>Facilitation, training, and coaching skills</li>\r\n<li>Experience in messaging and advocacy</li>\r\n<li>Experience with use of social media and managing public web content in a professional setting</li>\r\n<li>Well-organized with excellent attention to detail</li>\r\n<li>Strong communication skills, with fluency in written and spoken Arabic and English</li>\r\n<li>Good working knowledge of IT and all applications relating to communications &amp; Media.&nbsp;</li>\r\n<li>High level of interpersonal skills and patience</li>\r\n<li>Proficient with Microsoft Office applications (Word, Excel and PowerPoint)</li>\r\n<li>Ability to work under pressure.</li>\r\n<li>While working independently, able to follow supervisor&rsquo;s instructions.</li>\r\n<li>Demonstrable commitment to gender-sensitive practices</li>\r\n<li>Comply with all relevant CARE policies and procedures with respect to child protection, workplace environment, employee code of conduct and all other related subjects</li>\r\n</ul>', '2022-06-15', '2022-07-09', 1, '2022-06-15 08:10:03', '2022-06-15 08:10:03');

-- --------------------------------------------------------

--
-- Table structure for table `langs`
--

CREATE TABLE `langs` (
  `id` bigint(20) UNSIGNED NOT NULL,
  `value` varchar(255) COLLATE utf8mb4_unicode_ci NOT NULL,
  `lang` varchar(255) COLLATE utf8mb4_unicode_ci NOT NULL,
  `is_active` tinyint(1) NOT NULL DEFAULT 1,
  `created_at` timestamp NULL DEFAULT NULL,
  `updated_at` timestamp NULL DEFAULT NULL
) ENGINE=InnoDB DEFAULT CHARSET=utf8mb4 COLLATE=utf8mb4_unicode_ci;

--
-- Dumping data for table `langs`
--

INSERT INTO `langs` (`id`, `value`, `lang`, `is_active`, `created_at`, `updated_at`) VALUES
(1, 'English', 'en', 1, NULL, NULL),
(2, 'العربية', 'ar', 1, '2022-05-18 02:40:12', '2022-05-18 02:40:12'),
(3, 'Spanish', 'es', 1, '2022-06-04 14:19:17', '2022-06-04 14:19:17');

-- --------------------------------------------------------

--
-- Table structure for table `migrations`
--

CREATE TABLE `migrations` (
  `id` int(10) UNSIGNED NOT NULL,
  `migration` varchar(255) COLLATE utf8mb4_unicode_ci NOT NULL,
  `batch` int(11) NOT NULL
) ENGINE=InnoDB DEFAULT CHARSET=utf8mb4 COLLATE=utf8mb4_unicode_ci;

--
-- Dumping data for table `migrations`
--

INSERT INTO `migrations` (`id`, `migration`, `batch`) VALUES
(1, '2014_10_12_000000_create_users_table', 1),
(2, '2014_10_12_100000_create_password_resets_table', 1),
(3, '2014_10_12_200000_add_two_factor_columns_to_users_table', 1),
(4, '2019_08_19_000000_create_failed_jobs_table', 1),
(5, '2019_12_14_000001_create_personal_access_tokens_table', 1),
(6, '2022_04_07_213511_create_services_table', 1),
(7, '2022_04_07_213556_create_goals_table', 1),
(8, '2022_04_07_213710_create_slaiders_table', 1),
(9, '2022_04_07_213736_create_websites_table', 1),
(10, '2022_04_07_213825_create_configure_systems_table', 1),
(11, '2022_04_07_214509_create_sessions_table', 1),
(12, '2022_04_16_170756_create_categories_table', 1),
(13, '2022_04_16_170842_create_books_table', 1),
(14, '2022_04_16_170905_create_reports_table', 1),
(15, '2022_04_16_170938_create_events_table', 1),
(16, '2022_04_16_171037_create_advertisments_table', 1),
(17, '2022_04_16_171037_create_langs_table', 1),
(18, '2022_04_22_173506_laratrust_setup_tables', 1),
(19, '2022_05_06_134001_create_pages_table', 2),
(20, '2022_05_06_134002_create_static_pages_table', 2),
(21, '2022_05_18_063336_create_donors_table', 3),
(22, '2022_05_18_063337_create_donors_table', 4),
(23, '2022_05_18_074821_create_jobs_table', 5);

-- --------------------------------------------------------

--
-- Table structure for table `pages`
--

CREATE TABLE `pages` (
  `id` bigint(20) UNSIGNED NOT NULL,
  `title` varchar(255) COLLATE utf8mb4_unicode_ci NOT NULL,
  `description` text COLLATE utf8mb4_unicode_ci NOT NULL,
  `date` date NOT NULL,
  `is_active` tinyint(1) NOT NULL DEFAULT 1,
  `created_at` timestamp NULL DEFAULT NULL,
  `updated_at` timestamp NULL DEFAULT NULL
) ENGINE=InnoDB DEFAULT CHARSET=utf8mb4 COLLATE=utf8mb4_unicode_ci;

-- --------------------------------------------------------

--
-- Table structure for table `password_resets`
--

CREATE TABLE `password_resets` (
  `email` varchar(255) COLLATE utf8mb4_unicode_ci NOT NULL,
  `token` varchar(255) COLLATE utf8mb4_unicode_ci NOT NULL,
  `created_at` timestamp NULL DEFAULT NULL
) ENGINE=InnoDB DEFAULT CHARSET=utf8mb4 COLLATE=utf8mb4_unicode_ci;

-- --------------------------------------------------------

--
-- Table structure for table `permissions`
--

CREATE TABLE `permissions` (
  `id` bigint(20) UNSIGNED NOT NULL,
  `name` varchar(255) COLLATE utf8mb4_unicode_ci NOT NULL,
  `display_name` varchar(255) COLLATE utf8mb4_unicode_ci DEFAULT NULL,
  `description` varchar(255) COLLATE utf8mb4_unicode_ci DEFAULT NULL,
  `created_at` timestamp NULL DEFAULT NULL,
  `updated_at` timestamp NULL DEFAULT NULL
) ENGINE=InnoDB DEFAULT CHARSET=utf8mb4 COLLATE=utf8mb4_unicode_ci;

--
-- Dumping data for table `permissions`
--

INSERT INTO `permissions` (`id`, `name`, `display_name`, `description`, `created_at`, `updated_at`) VALUES
(1, 'users-create', 'Create Users', 'Create Users', '2022-05-05 15:45:25', '2022-05-05 15:45:25'),
(2, 'users-read', 'Read Users', 'Read Users', '2022-05-05 15:45:25', '2022-05-05 15:45:25'),
(3, 'users-update', 'Update Users', 'Update Users', '2022-05-05 15:45:25', '2022-05-05 15:45:25'),
(4, 'users-delete', 'Delete Users', 'Delete Users', '2022-05-05 15:45:25', '2022-05-05 15:45:25'),
(5, 'payments-create', 'Create Payments', 'Create Payments', '2022-05-05 15:45:25', '2022-05-05 15:45:25'),
(6, 'payments-read', 'Read Payments', 'Read Payments', '2022-05-05 15:45:25', '2022-05-05 15:45:25'),
(7, 'payments-update', 'Update Payments', 'Update Payments', '2022-05-05 15:45:25', '2022-05-05 15:45:25'),
(8, 'payments-delete', 'Delete Payments', 'Delete Payments', '2022-05-05 15:45:25', '2022-05-05 15:45:25'),
(9, 'profile-read', 'Read Profile', 'Read Profile', '2022-05-05 15:45:25', '2022-05-05 15:45:25'),
(10, 'profile-update', 'Update Profile', 'Update Profile', '2022-05-05 15:45:25', '2022-05-05 15:45:25');

-- --------------------------------------------------------

--
-- Table structure for table `permission_role`
--

CREATE TABLE `permission_role` (
  `permission_id` bigint(20) UNSIGNED NOT NULL,
  `role_id` bigint(20) UNSIGNED NOT NULL
) ENGINE=InnoDB DEFAULT CHARSET=utf8mb4 COLLATE=utf8mb4_unicode_ci;

--
-- Dumping data for table `permission_role`
--

INSERT INTO `permission_role` (`permission_id`, `role_id`) VALUES
(1, 1),
(1, 2),
(2, 1),
(2, 2),
(3, 1),
(3, 2),
(4, 1),
(4, 2),
(5, 1),
(6, 1),
(7, 1),
(8, 1),
(9, 1),
(9, 2),
(9, 3),
(10, 1),
(10, 2),
(10, 3);

-- --------------------------------------------------------

--
-- Table structure for table `permission_user`
--

CREATE TABLE `permission_user` (
  `permission_id` bigint(20) UNSIGNED NOT NULL,
  `user_id` bigint(20) UNSIGNED NOT NULL,
  `user_type` varchar(255) COLLATE utf8mb4_unicode_ci NOT NULL
) ENGINE=InnoDB DEFAULT CHARSET=utf8mb4 COLLATE=utf8mb4_unicode_ci;

-- --------------------------------------------------------

--
-- Table structure for table `personal_access_tokens`
--

CREATE TABLE `personal_access_tokens` (
  `id` bigint(20) UNSIGNED NOT NULL,
  `tokenable_type` varchar(255) COLLATE utf8mb4_unicode_ci NOT NULL,
  `tokenable_id` bigint(20) UNSIGNED NOT NULL,
  `name` varchar(255) COLLATE utf8mb4_unicode_ci NOT NULL,
  `token` varchar(64) COLLATE utf8mb4_unicode_ci NOT NULL,
  `abilities` text COLLATE utf8mb4_unicode_ci DEFAULT NULL,
  `last_used_at` timestamp NULL DEFAULT NULL,
  `created_at` timestamp NULL DEFAULT NULL,
  `updated_at` timestamp NULL DEFAULT NULL
) ENGINE=InnoDB DEFAULT CHARSET=utf8mb4 COLLATE=utf8mb4_unicode_ci;

-- --------------------------------------------------------

--
-- Table structure for table `reports`
--

CREATE TABLE `reports` (
  `id` bigint(20) UNSIGNED NOT NULL,
  `title` varchar(255) COLLATE utf8mb4_unicode_ci NOT NULL,
  `report` varchar(255) COLLATE utf8mb4_unicode_ci NOT NULL,
  `file` varchar(255) COLLATE utf8mb4_unicode_ci NOT NULL,
  `is_active` tinyint(1) NOT NULL DEFAULT 1,
  `lawyer_id` bigint(20) UNSIGNED NOT NULL,
  `user_id` bigint(20) UNSIGNED NOT NULL,
  `created_at` timestamp NULL DEFAULT NULL,
  `updated_at` timestamp NULL DEFAULT NULL
) ENGINE=InnoDB DEFAULT CHARSET=utf8mb4 COLLATE=utf8mb4_unicode_ci;

-- --------------------------------------------------------

--
-- Table structure for table `roles`
--

CREATE TABLE `roles` (
  `id` bigint(20) UNSIGNED NOT NULL,
  `name` varchar(255) COLLATE utf8mb4_unicode_ci NOT NULL,
  `display_name` varchar(255) COLLATE utf8mb4_unicode_ci DEFAULT NULL,
  `description` varchar(255) COLLATE utf8mb4_unicode_ci DEFAULT NULL,
  `created_at` timestamp NULL DEFAULT NULL,
  `updated_at` timestamp NULL DEFAULT NULL
) ENGINE=InnoDB DEFAULT CHARSET=utf8mb4 COLLATE=utf8mb4_unicode_ci;

--
-- Dumping data for table `roles`
--

INSERT INTO `roles` (`id`, `name`, `display_name`, `description`, `created_at`, `updated_at`) VALUES
(1, 'admin', 'مدير نظام', 'Admin', '2022-05-05 15:45:25', '2022-05-05 15:45:25'),
(2, 'lawyer', 'محامي', 'Lawyer', '2022-05-05 15:45:26', '2022-05-05 15:45:26'),
(3, 'user', 'مستخدم', 'User', '2022-05-05 15:45:26', '2022-05-05 15:45:26');

-- --------------------------------------------------------

--
-- Table structure for table `role_user`
--

CREATE TABLE `role_user` (
  `role_id` bigint(20) UNSIGNED NOT NULL,
  `user_id` bigint(20) UNSIGNED NOT NULL,
  `user_type` varchar(255) COLLATE utf8mb4_unicode_ci NOT NULL DEFAULT 'User'
) ENGINE=InnoDB DEFAULT CHARSET=utf8mb4 COLLATE=utf8mb4_unicode_ci;

--
-- Dumping data for table `role_user`
--

INSERT INTO `role_user` (`role_id`, `user_id`, `user_type`) VALUES
(2, 9, 'User'),
(2, 10, 'User'),
(1, 12, 'User'),
(3, 13, 'User');

-- --------------------------------------------------------

--
-- Table structure for table `services`
--

CREATE TABLE `services` (
  `id` bigint(20) UNSIGNED NOT NULL,
  `title` varchar(255) COLLATE utf8mb4_unicode_ci NOT NULL,
  `text` text COLLATE utf8mb4_unicode_ci NOT NULL,
  `lang` varchar(10) COLLATE utf8mb4_unicode_ci NOT NULL,
  `is_active` tinyint(1) NOT NULL DEFAULT 1,
  `created_at` timestamp NULL DEFAULT NULL,
  `updated_at` timestamp NULL DEFAULT NULL,
  `deleted_at` timestamp NULL DEFAULT NULL
) ENGINE=InnoDB DEFAULT CHARSET=utf8mb4 COLLATE=utf8mb4_unicode_ci;

--
-- Dumping data for table `services`
--

INSERT INTO `services` (`id`, `title`, `text`, `lang`, `is_active`, `created_at`, `updated_at`, `deleted_at`) VALUES
(1, 'التمثيل القانوني', 'تقوم الدار بواسطة محاميها بتمثيل عملائها قانونياً، وإدارة منازعاتهم، وإتمام عملية تحصيل أموالهم، وتقوم بمهمة التوفيق والوساطة والتحكيم المحلي والعربي والدولي في مختلف النزاعات المدنية والتجارية والعمالية، وغيرها.', 'ar', 1, '2022-05-18 03:25:03', '2022-05-18 03:25:03', NULL),
(2, 'الدراسات والبحوث القانونية', '<p style=\"text-align: right;\">إعداد البحوث والدراسات القانونية المتخصصة، ونشرها للتصدي لكافة المواضيع التي تستجد على الساحة القانونية، أو التي يطلبها العميل والمشاركة في المؤتمرات المحلية والعربية والدولية وتقديم الاستشارات و دراسات الجدوى القانونية والضريبية فيما يتعلق باختيار أفضل الكيانات القانونية للمنشآت والقيام بالترتيبات التحضيرية ومفاوضات الإنشاء، والترخيص وتسجيل جميع أنواع الشركات، و إعداد، ومراجعة كافة النماذج والسندات القانونية المتعلقة بعمل المنشاة في علاقاتها مع الغير ومع مجلس إدارتها وعمالها.</p>', 'ar', 1, '2022-05-18 03:25:20', '2022-06-05 12:47:14', NULL),
(3, 'Legal Consultation', '<p style=\"text-align: center;\"><em>Provide legal consultation, with the possibility of providing legal members who are ready to move to the companies headquarters or clients offices for providing legal services continuously or for a specific period and the possibility of making the administrative investigations with the staff of clients in case of violations in accordance with the laws and regulations of the facility.</em></p>', 'en', 1, '2022-05-18 03:25:39', '2022-05-27 10:22:23', NULL),
(13, 'الدراسات والبحوث القانونية', '<p style=\"text-align: right;\">إعداد البحوث والدراسات القانونية المتخصصة، ونشرها للتصدي لكافة المواضيع التي تستجد على الساحة القانونية، أو التي يطلبها العميل والمشاركة في المؤتمرات المحلية والعربية والدولية وتقديم الاستشارات و دراسات الجدوى القانونية والضريبية فيما يتعلق باختيار أفضل الكيانات القانونية للمنشآت والقيام بالترتيبات التحضيرية ومفاوضات الإنشاء، والترخيص وتسجيل جميع أنواع الشركات، و إعداد، ومراجعة كافة النماذج والسندات القانونية المتعلقة بعمل المنشاة في علاقاتها مع الغير ومع مجلس إدارتها وعمالها.</p>', 'ar', 1, '2022-06-05 12:29:32', '2022-06-05 12:52:37', NULL),
(14, 'صياغة اللوائح والقوانين', '\r\n<p style=\"text-align: right;\">متابعة تنفيذ التزامات صاحب العمل والمقاول واتخاذ كافة الإجراءات القانونية الواجبة في حينه وإدارة عقارات المغتربين والمقيمين وتحصيل الإيجارات وإخلاء المأجور و تقسيم العقارات والأموال وإزالة حالة الشيوع فيها، وتنفيذ الوصايا والوقفيات، أو الإشراف عليها.</p>\r\n', 'ar', 1, '2022-06-05 12:29:55', '2022-06-05 12:53:39', NULL),
(15, 'المتابعة للمؤسسات والعقارات', '\r\n<p style=\"text-align: right;\">تقديم العون القضائي والقانوني المجاني للمحتاجين ممن ليس لديهم القدرة على دفع أتعاب المحاماة وذلك يرجع إلى تقدير الدار ومناصرة قضايا حقوق الإنسان المحلية والعربي والإسلامي والعالمية وإعداد تقرير الظل الخاصة بها ونشر الثقافة القانونية والحقوقية المتعلقة بحقوق الإنسان وحماية وتمثيل الفئات الأضعف في المجتمع مثل الأطفال والمرأة والعمال والأشخاص ذوي الإعاقة واللاجئين والمهمشين والأقليات والسجناء وغيرهم بهدف المساهمة في التنمية وفق برامج ومنهجية عمل منظمات المجتمع المدن</p>', 'ar', 1, '2022-06-05 12:30:13', '2022-06-05 12:54:05', NULL);

-- --------------------------------------------------------

--
-- Table structure for table `sessions`
--

CREATE TABLE `sessions` (
  `id` varchar(255) COLLATE utf8mb4_unicode_ci NOT NULL,
  `user_id` bigint(20) UNSIGNED DEFAULT NULL,
  `ip_address` varchar(45) COLLATE utf8mb4_unicode_ci DEFAULT NULL,
  `user_agent` text COLLATE utf8mb4_unicode_ci DEFAULT NULL,
  `payload` text COLLATE utf8mb4_unicode_ci NOT NULL,
  `last_activity` int(11) NOT NULL
) ENGINE=InnoDB DEFAULT CHARSET=utf8mb4 COLLATE=utf8mb4_unicode_ci;

--
-- Dumping data for table `sessions`
--

INSERT INTO `sessions` (`id`, `user_id`, `ip_address`, `user_agent`, `payload`, `last_activity`) VALUES
('4106zBrSbgDJFyrgrrPT7mUYqo1CgYfzROcfUwXu', 12, '127.0.0.1', 'Mozilla/5.0 (Windows NT 10.0; Win64; x64) AppleWebKit/537.36 (KHTML, like Gecko) Chrome/102.0.0.0 Safari/537.36', 'YTo2OntzOjY6Il90b2tlbiI7czo0MDoiYmF0bUhOaVpXaFRyQ0ZuNXE2dmV6M1FrY0FYblBxS25CUUgzVExteCI7czo2OiJsb2NhbGUiO3M6MjoiYXIiO3M6OToiX3ByZXZpb3VzIjthOjE6e3M6MzoidXJsIjtzOjI0OiJodHRwOi8vMTI3LjAuMC4xOjgwMDAvYXIiO31zOjY6Il9mbGFzaCI7YToyOntzOjM6Im9sZCI7YTowOnt9czozOiJuZXciO2E6MDp7fX1zOjM6InVybCI7YToxOntzOjg6ImludGVuZGVkIjtzOjM2OiJodHRwOi8vMTI3LjAuMC4xOjgwMDAvYXIvYWRtaW4vZXZlbnQiO31zOjUwOiJsb2dpbl93ZWJfNTliYTM2YWRkYzJiMmY5NDAxNTgwZjAxNGM3ZjU4ZWE0ZTMwOTg5ZCI7aToxMjt9', 1655319802);

-- --------------------------------------------------------

--
-- Table structure for table `slaiders`
--

CREATE TABLE `slaiders` (
  `id` bigint(20) UNSIGNED NOT NULL,
  `main_title` varchar(255) COLLATE utf8mb4_unicode_ci NOT NULL,
  `sub_title` varchar(255) COLLATE utf8mb4_unicode_ci NOT NULL,
  `image` text COLLATE utf8mb4_unicode_ci NOT NULL,
  `link` varchar(255) COLLATE utf8mb4_unicode_ci DEFAULT NULL,
  `lang` varchar(10) COLLATE utf8mb4_unicode_ci NOT NULL,
  `is_active` tinyint(1) NOT NULL DEFAULT 1,
  `created_at` timestamp NULL DEFAULT NULL,
  `updated_at` timestamp NULL DEFAULT NULL,
  `deleted_at` timestamp NULL DEFAULT NULL
) ENGINE=InnoDB DEFAULT CHARSET=utf8mb4 COLLATE=utf8mb4_unicode_ci;

--
-- Dumping data for table `slaiders`
--

INSERT INTO `slaiders` (`id`, `main_title`, `sub_title`, `image`, `link`, `lang`, `is_active`, `created_at`, `updated_at`, `deleted_at`) VALUES
(1, 'للأعمال القانونية والحماية', '\"معاً ليسود القانون\"', '1652855273032878200.png', NULL, 'ar', 1, '2022-05-18 03:27:53', '2022-05-18 03:27:53', NULL),
(2, 'FOR LEGALITIES & PROTECTION', '\"Together To Prevail Law\"', '1654443588088181200.jpg', NULL, 'ar', 1, '2022-05-18 03:28:22', '2022-06-05 12:39:48', NULL),
(3, 'العنوان الرئيسي', 'العنوان الفرعي', '1654443635064567900.jpg', NULL, 'ar', 1, '2022-05-18 03:55:26', '2022-06-05 12:40:35', NULL),
(4, 'العنوان الرئيسي', 'للأعمال القانونية والحماية', '1654443680025680900.jpg', 'http://127.0.0.1:8000/ar/admin/addSlider/4', 'ar', 1, '2022-05-18 03:56:48', '2022-06-05 12:41:20', NULL);

-- --------------------------------------------------------

--
-- Table structure for table `static_pages`
--

CREATE TABLE `static_pages` (
  `id` bigint(20) UNSIGNED NOT NULL,
  `title` varchar(255) COLLATE utf8mb4_unicode_ci NOT NULL,
  `lang` varchar(10) COLLATE utf8mb4_unicode_ci NOT NULL,
  `description` text COLLATE utf8mb4_unicode_ci NOT NULL,
  `is_active` tinyint(1) NOT NULL DEFAULT 1,
  `parrent` tinyint(1) NOT NULL DEFAULT 1,
  `created_at` timestamp NULL DEFAULT NULL,
  `updated_at` timestamp NULL DEFAULT NULL
) ENGINE=InnoDB DEFAULT CHARSET=utf8mb4 COLLATE=utf8mb4_unicode_ci;

-- --------------------------------------------------------

--
-- Table structure for table `users`
--

CREATE TABLE `users` (
  `id` bigint(20) UNSIGNED NOT NULL,
  `name` varchar(255) COLLATE utf8mb4_unicode_ci NOT NULL,
  `email` varchar(255) COLLATE utf8mb4_unicode_ci NOT NULL,
  `email_verified_at` timestamp NULL DEFAULT NULL,
  `password` varchar(255) COLLATE utf8mb4_unicode_ci NOT NULL,
  `two_factor_secret` text COLLATE utf8mb4_unicode_ci DEFAULT NULL,
  `two_factor_recovery_codes` text COLLATE utf8mb4_unicode_ci DEFAULT NULL,
  `two_factor_confirmed_at` timestamp NULL DEFAULT NULL,
  `remember_token` varchar(100) COLLATE utf8mb4_unicode_ci DEFAULT NULL,
  `current_team_id` bigint(20) UNSIGNED DEFAULT NULL,
  `is_active` int(11) NOT NULL DEFAULT 1,
  `profile_photo_path` varchar(2048) COLLATE utf8mb4_unicode_ci DEFAULT NULL,
  `created_at` timestamp NULL DEFAULT NULL,
  `updated_at` timestamp NULL DEFAULT NULL
) ENGINE=InnoDB DEFAULT CHARSET=utf8mb4 COLLATE=utf8mb4_unicode_ci;

--
-- Dumping data for table `users`
--

INSERT INTO `users` (`id`, `name`, `email`, `email_verified_at`, `password`, `two_factor_secret`, `two_factor_recovery_codes`, `two_factor_confirmed_at`, `remember_token`, `current_team_id`, `is_active`, `profile_photo_path`, `created_at`, `updated_at`) VALUES
(12, 'emp name', 'eradahalfakeh@gmail.com', NULL, '$2y$10$92IXUNpkjO0rOQ5byMi.Ye4oKoEa3Ro9llC/.og/at2.uheWG/igi', 'rKufc0ku', NULL, NULL, 'eB28ACEV8HiKDyiUg2Ata9VpAfNBm74P8GNZ6Wlz', NULL, 1, 'man.png', '2022-05-05 19:27:38', '2022-05-05 19:27:38'),
(13, 'user', 'eradahalfakedh@gmail.com', NULL, '$2y$10$2zFcxhRpsgdua8ROlIDxs.sBDu4pnkb0eDTn961lpTxKMXSTmi/42', 'rKufc0ku', NULL, NULL, 'eB28ACEV8HiKDyiUg2Ata9VpAfNBm74P8GNZ6Wlz', NULL, 1, 'man.png', '2022-05-05 19:27:38', '2022-05-05 19:27:38');

-- --------------------------------------------------------

--
-- Table structure for table `websites`
--

CREATE TABLE `websites` (
  `id` bigint(20) UNSIGNED NOT NULL,
  `link` varchar(255) COLLATE utf8mb4_unicode_ci DEFAULT NULL,
  `icon` text COLLATE utf8mb4_unicode_ci NOT NULL,
  `lang` varchar(10) COLLATE utf8mb4_unicode_ci NOT NULL,
  `is_active` tinyint(1) NOT NULL DEFAULT 1,
  `created_at` timestamp NULL DEFAULT NULL,
  `updated_at` timestamp NULL DEFAULT NULL,
  `deleted_at` timestamp NULL DEFAULT NULL
) ENGINE=InnoDB DEFAULT CHARSET=utf8mb4 COLLATE=utf8mb4_unicode_ci;

--
-- Indexes for dumped tables
--

--
-- Indexes for table `advertisments`
--
ALTER TABLE `advertisments`
  ADD PRIMARY KEY (`id`);

--
-- Indexes for table `books`
--
ALTER TABLE `books`
  ADD PRIMARY KEY (`id`),
  ADD KEY `books_category_id_foreign` (`category_id`);

--
-- Indexes for table `categories`
--
ALTER TABLE `categories`
  ADD PRIMARY KEY (`id`);

--
-- Indexes for table `configure_systems`
--
ALTER TABLE `configure_systems`
  ADD PRIMARY KEY (`id`);

--
-- Indexes for table `donors`
--
ALTER TABLE `donors`
  ADD PRIMARY KEY (`id`);

--
-- Indexes for table `events`
--
ALTER TABLE `events`
  ADD PRIMARY KEY (`id`);

--
-- Indexes for table `failed_jobs`
--
ALTER TABLE `failed_jobs`
  ADD PRIMARY KEY (`id`),
  ADD UNIQUE KEY `failed_jobs_uuid_unique` (`uuid`);

--
-- Indexes for table `goals`
--
ALTER TABLE `goals`
  ADD PRIMARY KEY (`id`);

--
-- Indexes for table `jobs`
--
ALTER TABLE `jobs`
  ADD PRIMARY KEY (`id`);

--
-- Indexes for table `langs`
--
ALTER TABLE `langs`
  ADD PRIMARY KEY (`id`);

--
-- Indexes for table `migrations`
--
ALTER TABLE `migrations`
  ADD PRIMARY KEY (`id`);

--
-- Indexes for table `pages`
--
ALTER TABLE `pages`
  ADD PRIMARY KEY (`id`);

--
-- Indexes for table `password_resets`
--
ALTER TABLE `password_resets`
  ADD KEY `password_resets_email_index` (`email`);

--
-- Indexes for table `permissions`
--
ALTER TABLE `permissions`
  ADD PRIMARY KEY (`id`),
  ADD UNIQUE KEY `permissions_name_unique` (`name`);

--
-- Indexes for table `permission_role`
--
ALTER TABLE `permission_role`
  ADD PRIMARY KEY (`permission_id`,`role_id`),
  ADD KEY `permission_role_role_id_foreign` (`role_id`);

--
-- Indexes for table `permission_user`
--
ALTER TABLE `permission_user`
  ADD PRIMARY KEY (`user_id`,`permission_id`,`user_type`),
  ADD KEY `permission_user_permission_id_foreign` (`permission_id`);

--
-- Indexes for table `personal_access_tokens`
--
ALTER TABLE `personal_access_tokens`
  ADD PRIMARY KEY (`id`),
  ADD UNIQUE KEY `personal_access_tokens_token_unique` (`token`),
  ADD KEY `personal_access_tokens_tokenable_type_tokenable_id_index` (`tokenable_type`,`tokenable_id`);

--
-- Indexes for table `reports`
--
ALTER TABLE `reports`
  ADD PRIMARY KEY (`id`),
  ADD KEY `reports_user_id_foreign` (`user_id`),
  ADD KEY `reports_lawyer_id_foreign` (`lawyer_id`);

--
-- Indexes for table `roles`
--
ALTER TABLE `roles`
  ADD PRIMARY KEY (`id`),
  ADD UNIQUE KEY `roles_name_unique` (`name`);

--
-- Indexes for table `role_user`
--
ALTER TABLE `role_user`
  ADD PRIMARY KEY (`user_id`,`role_id`,`user_type`),
  ADD KEY `role_user_role_id_foreign` (`role_id`);

--
-- Indexes for table `services`
--
ALTER TABLE `services`
  ADD PRIMARY KEY (`id`);

--
-- Indexes for table `sessions`
--
ALTER TABLE `sessions`
  ADD PRIMARY KEY (`id`),
  ADD KEY `sessions_user_id_index` (`user_id`),
  ADD KEY `sessions_last_activity_index` (`last_activity`);

--
-- Indexes for table `slaiders`
--
ALTER TABLE `slaiders`
  ADD PRIMARY KEY (`id`);

--
-- Indexes for table `static_pages`
--
ALTER TABLE `static_pages`
  ADD PRIMARY KEY (`id`);

--
-- Indexes for table `users`
--
ALTER TABLE `users`
  ADD PRIMARY KEY (`id`),
  ADD UNIQUE KEY `users_email_unique` (`email`);

--
-- Indexes for table `websites`
--
ALTER TABLE `websites`
  ADD PRIMARY KEY (`id`);

--
-- AUTO_INCREMENT for dumped tables
--

--
-- AUTO_INCREMENT for table `advertisments`
--
ALTER TABLE `advertisments`
  MODIFY `id` bigint(20) UNSIGNED NOT NULL AUTO_INCREMENT, AUTO_INCREMENT=2;

--
-- AUTO_INCREMENT for table `books`
--
ALTER TABLE `books`
  MODIFY `id` bigint(20) UNSIGNED NOT NULL AUTO_INCREMENT, AUTO_INCREMENT=12;

--
-- AUTO_INCREMENT for table `categories`
--
ALTER TABLE `categories`
  MODIFY `id` bigint(20) UNSIGNED NOT NULL AUTO_INCREMENT, AUTO_INCREMENT=5;

--
-- AUTO_INCREMENT for table `configure_systems`
--
ALTER TABLE `configure_systems`
  MODIFY `id` bigint(20) UNSIGNED NOT NULL AUTO_INCREMENT, AUTO_INCREMENT=8;

--
-- AUTO_INCREMENT for table `donors`
--
ALTER TABLE `donors`
  MODIFY `id` bigint(20) UNSIGNED NOT NULL AUTO_INCREMENT, AUTO_INCREMENT=10;

--
-- AUTO_INCREMENT for table `events`
--
ALTER TABLE `events`
  MODIFY `id` bigint(20) UNSIGNED NOT NULL AUTO_INCREMENT, AUTO_INCREMENT=9;

--
-- AUTO_INCREMENT for table `failed_jobs`
--
ALTER TABLE `failed_jobs`
  MODIFY `id` bigint(20) UNSIGNED NOT NULL AUTO_INCREMENT;

--
-- AUTO_INCREMENT for table `goals`
--
ALTER TABLE `goals`
  MODIFY `id` bigint(20) UNSIGNED NOT NULL AUTO_INCREMENT, AUTO_INCREMENT=27;

--
-- AUTO_INCREMENT for table `jobs`
--
ALTER TABLE `jobs`
  MODIFY `id` bigint(20) UNSIGNED NOT NULL AUTO_INCREMENT, AUTO_INCREMENT=11;

--
-- AUTO_INCREMENT for table `langs`
--
ALTER TABLE `langs`
  MODIFY `id` bigint(20) UNSIGNED NOT NULL AUTO_INCREMENT, AUTO_INCREMENT=8;

--
-- AUTO_INCREMENT for table `migrations`
--
ALTER TABLE `migrations`
  MODIFY `id` int(10) UNSIGNED NOT NULL AUTO_INCREMENT, AUTO_INCREMENT=24;

--
-- AUTO_INCREMENT for table `pages`
--
ALTER TABLE `pages`
  MODIFY `id` bigint(20) UNSIGNED NOT NULL AUTO_INCREMENT;

--
-- AUTO_INCREMENT for table `permissions`
--
ALTER TABLE `permissions`
  MODIFY `id` bigint(20) UNSIGNED NOT NULL AUTO_INCREMENT, AUTO_INCREMENT=11;

--
-- AUTO_INCREMENT for table `personal_access_tokens`
--
ALTER TABLE `personal_access_tokens`
  MODIFY `id` bigint(20) UNSIGNED NOT NULL AUTO_INCREMENT;

--
-- AUTO_INCREMENT for table `reports`
--
ALTER TABLE `reports`
  MODIFY `id` bigint(20) UNSIGNED NOT NULL AUTO_INCREMENT;

--
-- AUTO_INCREMENT for table `roles`
--
ALTER TABLE `roles`
  MODIFY `id` bigint(20) UNSIGNED NOT NULL AUTO_INCREMENT, AUTO_INCREMENT=4;

--
-- AUTO_INCREMENT for table `services`
--
ALTER TABLE `services`
  MODIFY `id` bigint(20) UNSIGNED NOT NULL AUTO_INCREMENT, AUTO_INCREMENT=17;

--
-- AUTO_INCREMENT for table `slaiders`
--
ALTER TABLE `slaiders`
  MODIFY `id` bigint(20) UNSIGNED NOT NULL AUTO_INCREMENT, AUTO_INCREMENT=5;

--
-- AUTO_INCREMENT for table `static_pages`
--
ALTER TABLE `static_pages`
  MODIFY `id` bigint(20) UNSIGNED NOT NULL AUTO_INCREMENT;

--
-- AUTO_INCREMENT for table `users`
--
ALTER TABLE `users`
  MODIFY `id` bigint(20) UNSIGNED NOT NULL AUTO_INCREMENT, AUTO_INCREMENT=14;

--
-- AUTO_INCREMENT for table `websites`
--
ALTER TABLE `websites`
  MODIFY `id` bigint(20) UNSIGNED NOT NULL AUTO_INCREMENT;

--
-- Constraints for dumped tables
--

--
-- Constraints for table `books`
--
ALTER TABLE `books`
  ADD CONSTRAINT `books_category_id_foreign` FOREIGN KEY (`category_id`) REFERENCES `categories` (`id`) ON DELETE CASCADE;

--
-- Constraints for table `permission_role`
--
ALTER TABLE `permission_role`
  ADD CONSTRAINT `permission_role_permission_id_foreign` FOREIGN KEY (`permission_id`) REFERENCES `permissions` (`id`) ON DELETE CASCADE ON UPDATE CASCADE,
  ADD CONSTRAINT `permission_role_role_id_foreign` FOREIGN KEY (`role_id`) REFERENCES `roles` (`id`) ON DELETE CASCADE ON UPDATE CASCADE;

--
-- Constraints for table `permission_user`
--
ALTER TABLE `permission_user`
  ADD CONSTRAINT `permission_user_permission_id_foreign` FOREIGN KEY (`permission_id`) REFERENCES `permissions` (`id`) ON DELETE CASCADE ON UPDATE CASCADE;

--
-- Constraints for table `reports`
--
ALTER TABLE `reports`
  ADD CONSTRAINT `reports_lawyer_id_foreign` FOREIGN KEY (`lawyer_id`) REFERENCES `users` (`id`) ON DELETE CASCADE,
  ADD CONSTRAINT `reports_user_id_foreign` FOREIGN KEY (`user_id`) REFERENCES `users` (`id`) ON DELETE CASCADE;

--
-- Constraints for table `role_user`
--
ALTER TABLE `role_user`
  ADD CONSTRAINT `role_user_role_id_foreign` FOREIGN KEY (`role_id`) REFERENCES `roles` (`id`) ON DELETE CASCADE ON UPDATE CASCADE;
COMMIT;

/*!40101 SET CHARACTER_SET_CLIENT=@OLD_CHARACTER_SET_CLIENT */;
/*!40101 SET CHARACTER_SET_RESULTS=@OLD_CHARACTER_SET_RESULTS */;
/*!40101 SET COLLATION_CONNECTION=@OLD_COLLATION_CONNECTION */;
